"DATA_CENTER_URL"	"SHORT_DCNAME"	"LONG_DCNAME"
"http://www.umb.no/"	"UMB"	"Norwegian University of Life Sciences (Universitetet for miljø- og biovitenskap)"
"http://www.cgb.lu.se/English/home.asp"	"LU-CGB"	"Lund University, Dept of Geology, GeoBiosphere Science Centre"
	"GU-ZOO"	"University of Gothenburg, Department of Zoology"
"http://www.aber.ac.uk/maps/en/ssp.php"	"ABER"	"Aberystwyth University, Inst. of Mathematics and Physics, Solar System Physics"
"http://www.apl.ucl.ac.uk/"	"UCL"	"University College London"
"www.uib.no"	"UiB"	"University of Bergen"
"http://www.phys.soton.ac.uk/stp/index.php"	"Soton"	"University of Southampton Hampshire"
"http://www.kth.se/?l=en_UK"	"KTH"	"Royal Institute of Technology, School of Electrical Engineering, Space and Plasma Physics"
"http://www.stelab.nagoya-u.ac.jp/omosaic/crle.html"	"STELab"	"Nagoya University, Solar-Terrestrial Environment Laboratory"
"http://www.moredun.org.uk/"	"Moredun"	"Moredun Research Institute"
"http://www.ocean.ru/eng/"	"RAS OCEAN"	"Russian Academy of Sciences, P.P. Shirshov Institute of Oceanology"
"http://www.bates.edu/"	"Bates"	"Bates College, Department of Biology"
"http://www.ife.no"	"IFE"	"Institute for Energy Technology (IFE)"
"http://www.isas.jaxa.jp/e/about/history/index.shtml"	"JAXA-ISAS"	"Japan Aerospace Exploration Agency, Institute of Space and Astronautical Science"
"www.npl.co.uk"	"NPL"	"National Physical Laboratory, UK"
"http://www.nsf.gov/"	"NSF"	"National Science Foundation (NSF)"
"http://www.svs.is/english/index.htm"	"SVS"	"Stefansson Arctic Institute"
"http://www.joh.cam.ac.uk/"	"Joh Cam"	"University of Cambridge, St Johns College"
"http://www.statoilhydro.com"		"StatoilHydro"
"http://www.polar.se"	"SWEDARP"	"Swedish Polar Research Secretariat (Polarforskningsekretariatet)"
"http://www.snf.no/c2/index_frame.asp"	"SNF"	"Institute for Research in Economics and Business Administration (Samfunns- og Næringslivsforskning AS)"
"http://www.polar-institute.ro/polar/"	"RPRI"	"Romanian Polar Research Institute"
"http://www.acad.ro/"	"RA"	"Romanian Academy"
"http://www.pgi.gov.pl/pgi_en/"	"PGI"	"Polish Geological Institute (Panstwowy Instytut Geologiczny)"
"http://www.tcd.ie/Geology/"	"TCD"	"Trinity College Dublin, Department of Geology"
"www.forskningsradet.no"	"NFR"	"Research Council of Norway (Norges Forskningsråd)"
"http://www.aus.no/"	"AUS"	"Aker University Hospital, Hormone Laboratory"
"http://www.gi.ee/"	"TTU"	"Tallinn University of Technology, Institute of Geology"
"http://www.riksantikvaren.no"	"RA"	"Directorate for Cultural Heritage (Riksantikvaren)"
"http://www.fu-berlin.de"	"FU"	"Freie Universität Berlin"
"http://www.geo.unibe.ch"	"UB"	"University of Bern, Institute of Geological Sciences"
"http://www.geo.unizh.ch"	"UZ"	"University of Zurich, Department of Geography"
"http://www.hniri.go.jp/index_e.html"	"HNIRI"	"Hokkaido National Industrial Research Institute,  Japan"
"http://www.cnes.fr/"	"CNES"	"Centre National de l Espace pour la Tere"
"http://www.dlr.de/pa/en/desktopdefault.aspx/"	"DLR PA"	"German Aerospace Center, Institute for Atmospheric Physics"
"http://www.ujf-grenoble.fr"	"UJF"	"University Joseph Fourier, Université Joseph Fourier, Groupe de Recherche sur l Environnement et la Chimie Atmosphérique"
"http://www.guide.amu.edu.pl/geo/index.htm"	"UAM GF"	"Adam Mickiewicz University, Faculty of Geographical and Geological Sciences"
"www.amap.no"	"AMAP"	"Arctic Monitoring and Assessment Programme, Oslo, Norway"
"http://www.dirmin.no/default.aspx"	"DIRMIN"	"Directorate of Mining with Commissioner of Mines at Svalbard (Direktoratet for Mineralforvalting med Bergmesteren for Svalbard)"
"http://www.bu.edu/"	"BU"	"Boston University"
"http://www.uwindsor.ca/glier"	"GLIER"	"Great Lakes Institute for Environmental Research"
"http://www.slu.se"	"SLU"	"Swedish University of Agricultural Sciences (Sveriges Lantbruksuniversitet), Department of Forest Ecology"
"www.niaes.affrc.go.jp"	"NIAES"	"National Institute of Agro-Environemental Science"
"http://www.geomar.de/en/"	"GEOMAR"	"Helmholtz Centre for Ocean Research Kiel"
"http://www.demokritos.gr"	"NCRS"	"National Centre of Scientific Research ""Demokritos"""
"http://www.icm.csic.es/"	"CSIC ICM"	"Consejo Superior de Investigaciones Cientificas, Instituto de Ciencias del Mar (Institute of Marine Sciences)"
"http://www.dal.ca/"	"DAL"	"Dalhousie University"
"http://www.chalmers.se/rss/oso-en"	"Chalmers OSO"	"Chalmers University of Technology, Dept. of Earth and Space Sciences, Onsala Space Observatory"
"http://www.hft-stuttgart.de/"	"HFT-Stuttgart"	"Stuttgart University of Applied Science (Hochschule für Technik)"
"http://www.kms.dk"	"KMS"	"National Survey and Cadastre, Seismology Section"
"http://www.lbgr.brandenburg.de"	"LGRB"	"Geological Survey of Brandenburg (Landesamt für Bergbau, Geologie und Rohstoffe Brandenburg)"
"http://www.sgp.org.pl/"	"SGP"	"Association of Polish Geomorphologists (Stowarzyszenie Geomorfologów Polskich)"
"http://bprc.osu.edu"	"BPRC"	"Ohio State University, Byrd Polar Research Center"
"http://www.pinro.ru/index.htm?top=news.htm"	"PINRO"	"Knipovich Polar Research Institute of Marine Fisheries and Oceanography, Murmansk"
"http://www.nrpa.no/old_eng/english/"	"NRPA"	"Norwegian Radiation Protection Authority"
"www.ornl.gov"	"ORNL"	"Oak Ridge National Laboratoray"
"http://gsc.nrcan.gc.ca/offices_e.php"	"GSC"	"Natural Resources Canada, Earth Sciences Sector, Geological Survey of Canada"
"www.niva.no"	"NIVA"	"Norwegian Institute for Water Research"
	"OED"	"Norwegian Ministry of Petroleum and Energy (Olje- og energidepartementet)"
"www.uit.no"	"UiT"	"University of Tromsø, Department of Geology"
"http://www.ug.gda.pl/pl/"	"UG"	"University of Gdansk"
"www.bio.uib.no"	"UiB"	"University of Bergen, Department of Biology (Institutt for biologi)"
"http://www.mps.mpg.de/"	"MPI"	"Max-Planck-Institute for Solar System Research"
"http://www.mpch-mainz.mpg.de"	"MPI"	"Max-Planck-Institute for Chemistry"
"http://www.mpg.de/"	"MPG"	"Max-Planck-Gesellschaft (Max Planck Society for the Advancement of Science)"
"http://www.mpimet.mpg.de/en/home.html"	"MPI"	"Max-Planck-Institute for Meteorology in Hamburg "
"http://www.geo.uu.se"	"UU-ES"	"Uppsala University, Department of Earth Sciences"
"http://www.uu.se"	"UU"	"Uppsala University"
"http://www.zin.ru/index_e.htm"	"RAS ZIN"	"Russian Academy of Sciences, Zoological Institute and  Komarov Botanical Institute"
"http://www.ras.ru/"	"RAS"	"Russian Academy of Sciences"
"http://english.us.edu.pl/"	"US"	"University of Silesia"
"http://www.gu.se/english/"	"GU"	"University of Gothenburg"
"http://www.uu.nl"	"UU"	"Utrecht University"
"www.ntnu.no"	"NTNU"	"Norwegian University of Science and Technology"
"www.sintef.no"	"SINTEF"	"SINTEF"
"www.eiscat.se"	"EISCAT"	"EISCAT Scientific Association - Tromsø"
"www.eiscat.se"	"ESR"	"EISCAT Svalbard Radar - Longyearbyen"
"http://www3.imperial.ac.uk/"	"IMPERIAL"	"Imperial College London"
"http://www.ljmu.ac.uk/"	"LJMU"	"Liverpool John Moores University"
"http://www.nipr.ac.jp/english/index.html"	"NIPR"	"National Institute of Polar Research, Tokyo"
"www.hydro.com"	"HYDRO"	"Hydro (Norsk Hydro)"
"http://www.veths.no"	"VETHS"	"Norwegian School of Veterinary Science (Norges Veterinærhøgskole)"
"http://www.physics.uio.no/"	"UiO"	"University of Oslo, Department of Physics"
"www.uit.no"	"UiT"	"University of Tromsø, Norway"
"http://uit.no/biologi/"	"UiT"	"University of Tromsø, Department of Biology"
"www.uit.no"	"UiT"	"University of Tromsø, Department of Physics (The Auroral Observatory)"
"www.veths.no"	"VETHS"	"Norwegian School of Veterinary Science (Norges Veterinærhogskole), Department of Arctic Veterinary Medicine"
"www.rug.nl"	"RUG"	"University of Groningen"
"http://www.rug.nl/biologie/index"	"RUG"	"University of Groningen, Department of Biology"
"http://www.upmc.fr"	"UPMC"	"Pierre and Marie Curie University"
"http://www.pan.pl/english/"	"PAS"	"Polish Academy of Sciences"
"http://www.bham.ac.uk/"	"BHAM"	"University of Birmingham"
"http://www.bham.ac.uk/"	"BHAM"	"University of Birmingham, Institute of Terrestrial Ecology"
"http://www.umea.irf.se/"	"UMU"	"Umeå University, Institute of Space Physics"
"http://www.aber.ac.uk/maps/en/"	"ABER"	"Aberystwyth University, Inst. of Mathematics and Physics"
"http://www.uni-muenster.de/GeoPalaeontologie/"	"WWU-Münster"	"Westfälische Wilhelms University Münster, Institute for Geology and Palaeontology"
"http://www.uni-muenster.de/en/"	"Uni Muenster"	"University of Münster"
"http://www.akita-u.ac.jp/english/"	"Akita"	"Akita University"
"http://www.speleo.cz/"	"SPELEO"	"Czech Speleological Society"
"http://www.dmi.dk/dmi/index/"	"DMI"	"Danish Meteorological Institute"
"www.su.se"	"SU"	"Stockholm University"
"http://www.ava.fmi.fi/"	"FMI GEO"	"Finnish Meteorological Institute, Geophysical Research Division"
"met.no"	"DNMI"	"Norwegian Meteorological Institute"
"http://www.aari.nw.ru"	"AARI"	"Arctic and Antarctic Research Institute, St. Petersburg, Russia"
"http://www.ethz.ch/"	"ETH"	"Swiss Federal Institute of Technology Zürich (ETH)"
"http://www.arcticcentre.org/"	"ULAPLAND"	"University of Lapland, Arctic Center"
"http://www.sgo.fi/"	"SGO"	"Sodankyla Geophysical Observatory"
"www.aka.fi"	"AKA"	"Academy of Finland (Soumen Akatemia)"
"http://www.cnrs.fr/"	"CNRS"	"Centre National de la Recherche Scientifique"
"http://www.cnrs.fr/index.html"	"CNRS - CEBC"	"Centre National de la Recherche Scientifique, Centre D'Etude Biologiques de Chizé"
"http://www.cnrs.fr/"	"CNRS - CEPE"	"Centre National de la Recherche Scientifique, Centre d'Ecologie et Physiologie Energetiques"
"http://www.fz-juelich.de/portal/"	"FZ Juelich"	"Jülich Forschungszentrum GmbH"
"http://www.nr.no/"	"NR"	"Norsk Regnesentral / Norwegian Computing Center"
"http://www.sgp.geodezja.org.pl/"	"SGP"	"Association of Polish Surveyors (Stowarzyszenie Geodetow Polskich)"
"http://www.ugal.ro/"	"UGAL"	"Dunarea de Jos University Galati, Institute of Biology"
"http://www.univ-bpclermont.fr/LABOS/geolab/"	"GEOLAB"	"Universite Blaise Pascal, GEOLAB, Clermont-Ferrand, France"
	"ARRINP"	"All-Russian Research Institute for Nature Protection, Moscow, Russia"
"http://earthquake.usgs.gov/regional/asl/index.php"	"ASL"	"Albuquerque Seismological Laboratory"
"http://www.uni-jena.de"	"Uni Jena"	"Friedrich-Schiller University in Jena"
"http://www.nagoya-u.ac.jp"	"Nagoya"	"Nagoya University"
"http://www.nerc.ac.uk/"	"NERC"	"Natural Environment Research Council"
"http://www.ku.dk/english/"	"KU"	"University of Copenhagen"
"http://www.ceh.ac.uk/"	"CEH"	"Centre for Ecology and Hydrology, Bangor"
"www.npolar.no"	"NPI"	"Norwegian Polar Institute (Norsk Polarinstitutt)"
"www.unis.no"	"UNIS"	"University Centre in Svalbard, Norway"
"www.sams.ac.uk"	"SAMS"	"Scottish Association for Marine Science"
	"PMGRE"	"Polar Marine Geological Research Expedition"
	"IIG"	"Indian Institute of Geomagnetism"
"http://www.pw.edu.pl/english/"	"PW"	"Warsaw University of Technology (Politechnika Warszawska)"
"http://www.rug.nl/let/onderzoek/onderzoekcentra/arctischcentrum/index?lang=en"	"RUG AC"	"University of Groningen, Arctic Centre"
"www.wnoz.us.edu.pl"	"US"	"University of Silesia, Faculty of Earth Sciences"
"http://www.npd.no/Norsk/Frontpage.htm"	"NPD"	"Norwegian Petroleum Directorate (Oljedirektoratet)"
"http://nilu.no"	"NILU"	"Norwegian Institute for Air Research"
	"UMCS"	"Maria Curie-Sklodowska University"
	"UiB GFI"	"University of Bergen, Geophysical Institute"
"www.nina.no"	"NINA-Tromsø"	"Norwegian Institute for Nature Research, Tromsø"
	"NCU"	"Nicolaus Copernicus University"
"http://www.abdn.ac.uk/"	"UoA"	"University of Aberdeen, United Kingdom"
"http://www.igf.edu.pl/en/"	"IGF PAS"	"Polish Academy of Sciences, Institute of Geophysics"
"www.ntnu.no/geografi"	"NTNU-IGE"	"Norwegian University of Science and Technology, Department of Geography"
"http://www.geo.uio.no/"	"UiO"	"University of Oslo, Department of Geosciences"
	"IPO /IPOE"	"Institute for Polar Ecology (Institut für Polarökologie)"
	"BGR"	"Federal Institute for Geoscience and Natural Resources (Bundesanstalt für Geologie und Rohstoffe), Germany"
"http://www.iup.uni-bremen.de/deu/"	"Uni Bremen, IUP"	"University of Bremen, Institute of Environmental Physics (Institut für Umweltphysik)"
"http://pgia.ru/"	"PGI RAS"	"Russian Academy of Sciences, Polar Geophysical Institute"
"http://www.gi.alaska.edu/"	"UAF GI"	"University of Alaska Fairbanks, Geophysical Institute"
	"ENS"	"Ecole Normale Supérieure"
"http://www.dmu.dk/"	"AU-NERI"	"Aarhus University, National Environmental Research Institute"
"http://www.iopan.gda.pl/"	"IOPAS"	"Polish Academy of Sciences, Institute of Oceanology"
	"TMU"	"Tromsø University Museum"
"http://www.gla.ac.uk/departments/civilengineering/"	"GLA"	"University of Glasgow, Department of Civil Engineering"
"http://naturalsciences.ucmerced.edu/"	"UC MERCED"	"University of California, School of Natural Sciences"
"www.wwt.org.uk"	"WWT"	"Wildfowl and Wetlands Trust"
	"KB"	"Kings Bay AS"
"www.butbn.cas.cz"	"JCU Ceske Budejovice"	"University of South Bohemia, Faculty of Science"
"http://www.ua.ac.be/main.aspx?c=.ENGLISH"	"UA"	"University of Antwerp (Universiteit Antwerpen)"
	"NORSAR"	"NORSAR"
	"UiO NHM"	"University of Oslo, Natural History Museum"
"http://www.pg.gda.pl/eng.php"	"PG"	"Gdansk University of Technology (Politechnika Gdanska)"
	"UWM"	"University of Warmia and Mazury in Olsztyn "
	"NIOZ"	"Royal Netherlands Institute for Sea Research"
"http://www.ncaor.gov.in"	"NCAOR"	"National Centre for Antarctic and Ocean Research"
	"IITM"	"Indian Institute of Tropical Meteorology"
	"CCMB "	"Centre for Cellular and Molecular Biology "
"http://www.lkouniv.ac.in/"	"LKOUNIV"	"Lucknow University"
"http://www.mpg.de/english/institutesProjectsFacilities/instituteChoice/marine_mikrobiologie/"	"MPI"	"Max-Planck-Institute for Marine Microbiology"
"http://www.nfh.uit.no/index.aspx"	"UiT NFH"	"University of Tromsø, Norwegian College of Fishery Science (Norges fiskerihøgskole)"
"http://www.igf.fuw.edu.pl/igf/index.php?lang=en"	"IGF FUW"	"University of Warsaw, Institute of Geophysics"
"http://www.antarctica.ac.uk/"	"BAS"	"British Antarctic Survey"
	"INGV"	"Istituto Nazionale di Geofisica e Vulcanologia"
	"Keo Films - BBC Arctic Series"	"Keo Films- BBC Arctic Series"
	"UVM"	"University of Vermont, Department of Geography"
"http://www.uni-potsdam.de/english/"	"UP"	"University of Potsdam (Universität Potsdam)"
"www.wnoz.uni.wroc.pl"	"UP"	"Wroclaw University"
	"SBU"	"South Bohemian University in Ceske Budejovice"
"www.eiscat.se"	"EISCAT"	"EISCAT Scientific Association - Kiruna"
	"NOAA ESRL"	"National Oceanic and Atmospheric Administration,Earth System Research Lab"
	"FMI"	"Finnish Meteorological Institute"
"http://www.awi.de/en/institute/sites/bremerhaven/"	"AWI-Bremerhaven"	"Alfred Wegener Institute Bremerhaven"
	"PRIC"	"Polar Research Institute of China"
"www.teknik.uu.se/jonfysik"	"UU"	"Uppsala University, Ångström Laboratory"
"http://www.santateresa.enea.it/"	"ENEA"	"Marine Environment Research Centre"
	"SUR"	"Sapienza Università di Roma"
	"SNSK"	"Store Norske Spitsbergen Kullkompani"
	"SU ITM"	"Stockholm University, Dep. of Applied Environmental Science"
"www.akvaplan.niva.no"	"AN"	"Akvaplan-Niva"
"http://www.geology.uidaho.edu/default.aspx?pid=98905"	"UIDAHO"	"University of Idaho, Institute for Geological Sciences"
	"AGH"	"AGH -University of Science and Technology, Faculty of Mining Surveying and Environmental Engineering"
"http://www.arctowski.pl/?p=7"	"PAS DAB"	"Polish Academy of Sciences, Department of Antarctic Biology"
"http://www.geomorfologia.amu.edu.pl/"	"UAM"	"Adam Mickiewicz University, Faculty of Geographical and Geological Sciences, Institute of Geoecology and Geoinformation, Dept. of Geomorphology"
"http://www.utdallas.edu/"	"UTD"	"University of Texas at Dallas, USA"
"http://www.idpa.cnr.it"	"CNR-IDPA"	"National Research Council of Italy, Institute for the Dynamic of Environmental Processes"
"http://www.shef.ac.uk/"	"Uni Shef"	"University of Sheffield, Sheffield Centre for Arctic Ecology"
"http://www.shef.ac.uk/geography/"	"Uni Shef"	"University of Sheffield, Department of Geography"
"http://www.sysselmannen.svalbard.no"	"SMS"	"Governor of Svalbard (Sysselmannen på Svalbard)"
"http://www.tau.ac.il/"	"TAU"	"Tel-Aviv University"
"http://www.uni-stuttgart.de"	"US"	"University of Stuttgart (Universität Stuttgart)"
"http://www.u-tokyo.ac.jp"	"UTOKYO"	"University of Tokyo"
"http://www.u-tokyo.ac.jp/index/departments/c01_05_e.html"	"UTOKYO"	"University of Tokyo, Department of Earth and Planetary Sciences"
"http://www.crl.edu/content.asp?l1=5&l2=22&l3=39&top=24"		"Center for Research Libraries, Tokyo"
"http://www.unh.edu/"	"UNH"	"University of New Hampshire"
"http://www.nebraska.edu"	"NU"	"University of Nebraska"
"http://www.cnr.it"	"CNR"	"National Research Council of Italy"
"http://www.leeds.ac.uk/"	"Leeds"	"University of Leeds"
"http://www.geog.leeds.ac.uk/"	"Leeds"	"University of Leeds, School of Geography"
"http://www.imr.no/"	"IMR"	"Institute of Marine Research, Bergen"
"http://www.uni-bremen.de"	"Uni Bremen"	"University of Bremen"
"http://www.sjokart.no"	"STATKART"	"Norwegian Mapping Authority (Statens Kartverk), Norwegian Hydrographic Service (Sjøkartverket)"
"http://www.casp.cam.ac.uk/"	"CASP"	"Cambridge Arctic Shelf Programme, United Kingdom"
"http://www.iup.uni-heidelberg.de"	"Uni Heidelberg"	"University of Heidelberg, Institute for Environmental Physics (Institut für Umweltphysik)"
"http://www.statkart.no/"	"STATKART"	"Norwegian Mapping Authority (Statens Kartverk)"
"http://www.wmin.ac.uk/"	"WMIN"	"University of Westminster"
"http://www.uwindsor.ca/"	"UWINDSOR"	"University of Windsor"
"http://www.uni-wuppertal.de/"	"BGU"	"University of Wuppertal (Bergische Universität Wuppertal)"
"http://www.uni-wuerzburg.de/"	"Uni Wuerzburg"	"University of Würzburg"
"http://www.unizh.ch/"	"UZ"	"University of Zürich"
"http://www.uwyo.edu/"	"UWyo"	"University of Wyoming"
"http://www.uni-kiel.de/index-e.shtml"	"UNI-KIEL"	"University of Kiel (Christian-Albrechts-Universität zu Kiel)"
"http://www.nasa.gov/"	"NASA"	"National Aeronautics and Space Administration"
"www.uwaterloo.ca/"	"UWaterloo"	"University of Waterloo, Canada."
"http://www.washington.edu/"	"UW"	"University of Washington"
"http://www.pk.edu.pl"	"PK"	"Cracow University of Technology (Politechnika Krakowska)"
"http://www.unige.ch"	"LBEA"	"University of Geneva"
"http://www.uga.edu"	"UGA"	"University of Georgia"
"http://www.gre.ac.uk"	"GRE"	"University of Greenwich"
"http://www.uni-hamburg.de"	"UHH"	"University of Hamburg"
"http://www.unc.edu.ar"	"UNC"	"University of Cordoba (Universidad Nacional de Córdoba)"
"http://www.bristol.ac.uk"	"Bristol"	"University of Bristol, United Kingdom"
"http://www.kul.lublin.pl"	"KUL"	"University of Lublin (Katolicki Uniwersytet Lubelski)"
"http://www.lboro.ac.uk/"	"LBORO"	"Loughborough University"
"http://www.le.ac.uk"	"LE"	"University of Leicester"
"http://www.ekol.lu.se"	"LU-EKOL"	"Lund University, Dept. of Plant Ecology"
"http://www.geol.lu.se"	"LU-GEOL"	"Lund University, Department of Geology"
"http://www.nasa.gov/centers/langley/home/index.html"	"NASA Langley"	"NASA Langley Research Center"
"http://www.ggy.bris.ac.uk/"	"Bristol"	"University of Bristol, School of Geographical Sciences, Bristol Glaciology Centre"
"http://www.uni-tuebingen.de"	"UT"	"University of Tübingen"
"http://www.sussex.ac.uk/"	"Sussex"	"University of Sussex"
"www.usp.br"	"USP"	"University of Sao Paulo"
"http://www.stir.ac.uk/"	"STIR"	"University of Stirling"
"http://www.utoronto.ca/"	"UTORONTO"	"University of Toronto"
"http://www.waseda.jp"	"Waseda"	"Waseda University"
"http://www.univ-nantes.fr"	"UdN"	"University of Nantes (Université de Nantes)"
"http://www.uni-muenchen.de/index.html"	"LMU"	"Ludwig-Maximilians-Universität München"
"http://www.uni-marburg.de/"	"PUM"	"University of Marburg (Philipps-Universität Marburg)"
"http://www.manchester.ac.uk/"	"Manchester"	"University of Manchester"
"http://www.umaine.edu/"	"UMAINE"	"University of Maine"
"http://www.insa-lyon.fr"	"INSA Lyon"	"University Lyon (INSA Lyon)"
"http://www.uci.edu/"	"UCI"	"University of Irvine"
"http://www.uj.edu.pl"	"UJ"	"Jagiellonian University"
"http://www.niif.spbu.ru"	"SPBU"	"St. Petersburg State University, V.A. Fock Institute of Physics"
"http://www.cornell.edu/"	"Cornell"	"University of Cornell"
"http://www.uni-passau.de/"	"UP"	"University of Passau"
"http://www.upenn.edu/"	"Penn"	"University of Pennsylvania"
"http://www.niwa.cri.nz/"	"NIWA"	"National Institute of Water and Atmospheric Research"
"http://www.oulu.fi"	"OULU"	"University of Oulu"
"http://www.uma.es"	"UMA"	"University of Malaga (Universidad de Málaga)"
"http://www.bio.uu.nl/~palaeo/index.html"	"UU"	"Utrecht University, Department of Palaeoecology"
"http://www.mtholyoke.edu/acad/geo/index.shtml"	"MHC Earth and Environment"	"Mount Holyoke College Earth and Environment"
	"UiB"	"University of Bergen, Department of Earth Science"
"http://www.rhul.ac.uk/"	"RHUL"	"University of London, Royal Holloway"
"www.cbk.waw.pl "	"PAS SRC"	"Polish Academy of Sciences, Space Research Center"
"http://www.agh.edu.pl/"	"AGH-UST"	"AGH - University of Science and Technology"
"http://www.uihome.uidaho.edu"	"UIDAHO"	"University of Idaho"
"http://www.hi.is"	"HI"	"University of Iceland"
"https://www.uni-hohenheim.de"	"UH"	"University of Hohenheim, Institute of Soil Sciences"
"http://www.helsinki.fi/university/"	"UoH"	"University of Helsinki"
"http://www.erau.edu/"	"ERAU"	"Embry Riddle Aeronautical University"
"http://perseus.herts.ac.uk"	"HERTS"	"University of Hertfordshire"
"http://www.tu-berlin.de"	"TU"	"Technical University of Berlin (Technische Universität Berlin)"
"http://web.abo.fi"	"ABO"	"Åbo Akademi University"
"http://www.uni-duisburg-essen.de/"	"UDE"	"University of Duisburg-Essen"
"http://www.unica.it"	"UNICA"	"University of Cagliari (L'Universita' di Cagliari)"
"http://www.unibas.ch/"	"UNIBAS"	"University of Basel"
"http://www.harper-adams.ac.uk/"	"Harper Adams"	"Harper Adams University College"
"http://www.smru.st-andrews.ac.uk/"	"SMRU"	"University of St. Andrews, Sea Mammal Research Unit"
"http://www.spbu.ru"	"SPBU"	"St. Petersburg State University"
"http://www.natmus.fo/?lang=uk"	"NATMUS"	"Natural History Museum in Torshavn, Faroe Islands"
"http://www.nwri.ca/"	"NWRI"	"Environment Canada National Water Research Institute"
"http://www.stonybrook.edu"	"Stonybrook"	"Stony Brook University"
"http://www.nersc.no"	"NERSC"	"Nansen Environment and Remote Sensing Center"
"http://www.hafro.is"	"HAFRO"	"Marine Research Institute of Iceland (Hafrannsóknastofnunin) (HARFO)"
"http://www.univ-fcomte.fr/"	"UFC"	"Universite de Franche Comte"
"http://www.ulaval.ca/"	"ULAVAL"	"University of Laval (Université Laval)"
"http://www.uibk.ac.at/"	"UIBK"	"University of Innsbruck, Institute of Botany"
"http://www.fukuoka-u.ac.jp"	"Fukuoka"	"University of Fukuoka"
"http://www.uni-frankfurt.de"	"GUF"	"University of Frankfurt (Johann Wolfgang Goethe-Universität Frankfurt)"
"http://www.tlu.ee"	"TLU"	"Tallinn University"
"http://biol.lancs.ac.uk/bs/home.html"	"LANCS"	"Lancaster University, Department of Biological Sciences"
"http://www.univ-rennes1.fr/"	"Rennes 1"	"University of Rennes"
"http://www.uni-rostock.de"	"UR"	"University of Rostock"
"http://www.zsl.org/"	"ZSL"	"Zoological Society of London"
"http://www.arcticportal.org/iasc/"	"IASC"	"International Arctic Science Committee (IASC)"
"http://www.wadsworth.org/"	"Wadsworth"	"Wadsworth Center"
"http://www.evira.fi/portal/en/"	"Evira"	"Finnish Food Safety Authority, Oulu"
"http://www.monash.edu.au/"	"Monash"	"Monash University"
"http://www.ivl.se"	"IVL"	"Swedish Environmental Research Institute, Göteborg"
"http://www.shizuoka.ac.jp"	"Shizuoka"	"Shizuoka University"
"http://www.rktl.fi"	"FGFRI"	"Finnish Game and Fisheries Research Institute"
"http://www1.uea.ac.uk/cm/Home"	"UEA"	"University of East Anglia"
"http://www.ecu.edu"	"ECU"	"East Carolina University"
"http://www.henkel.com"	"Henkel"	"Henkel"
"http://www.ifj.edu.pl"	"PAS IFJ"	"Polish Academy of Sciences, Institute of Nuclear Physics (Instytut Fizyki Jadrowej)"
"http://www.natur.gl/"	"GN"	"Greenland Institute of Natural Resources (Grønlands Naturinstitut)"
"http://www.epa.gov/"	"US-EPA"	"US Environment Protection Agency"
"http://www.cf.ac.uk/"	"CF"	"Cardiff University"
"http://www.mit.edu/"	"MIT"	"Massachusetts Institute of Technology"
"http://www.harvard.edu/"	"Harvard"	"Harvard University"
"http://www.ngi.no/english/"	"NGI"	"Norwegian Geotechnical Institute"
"nature.ca"	"CMN"	"Canadian Museum of Nature"
"http://www.luftfartstilsynet.no"	"CAA"	"Civil Aviation Authorities of Norway (Luftfartstilsynet)"
"http://www.noaa.gov/"	"NOAA"	"National Oceanic and Atmospheric Administration"
"http://www.unc.edu/"	"UNC"	"University of North Carolina"
"http://www.gwumc.edu/"	"GWUMC"	"George Washington University Medical Center"
"http://www.efi.int/portal/"	"EFI"	"European Forrest Institute"
"http://www.lancs.ac.uk/"	"LANCS"	"Lancaster University"
"http://www.ntnu.no/vitenskapsmuseet/start"	"VM"	"Museum of Natural History and Archaeology, Trondheim (Vitenskapsmuseet)"
"http://www.mtsn.tn.it/"	"MTSN"	"Trento Museum of Natural Sciences (Museo tridentino di scienze naturali)"
"http://www.mnhn.fr"	"MNHN"	"Museum national d`Histoire naturelle (Muséum National d'Histoire naturelle)"
"http://www.pim.uzh.ch/en/index.php, http://www.uzh.ch/index_en.html"	"UZ"	"University of Zürich, Palaeontological Institute and Museum"
"www.toi.no"	"TOI"	"Institute of Transport Economics, Norwegian Centre for Transport Research"
"www.nmemc.gov.cn"		"National Marine Environment Monitor Center"
"www.ipis.zabrze.pl"	"IPIS"	"Polish Academy of Sciences, Institute of Environmental Engineering"
"www.ustc.edu.cn"		"University of Science and Technology of China"
"http://www.wpafb.af.mil/AFRL/afosr/"	"AFOSR"	"Air Force Research Laboratory"
"http://www.vetinst.no/eng/National-Veterinary-Institute/Departments/Department-for-Fish-and-Shellfish-Health/National-Veterinary-Institute-Harstad-Tromsoe"	"VETINST"	"National veterinarian Institute, Regional Laboratory Tromsø (Veterinærinstitutt)"
"http://www.esc.cam.ac.uk/"	"CAM ESC"	"University of Cambridge, Department of Earth Sciences"
"http://www.oru.se/Forskning/Forskningsmiljoer/miljo/MTM/"	"ORU MTM"	"Örebro University, Department of Natural Sciences, MTM Research Centre"
"http://www.dmu.dk"	"AU-NERI-AE"	"Aarhus University, National Environmental Research Institute (Danmarks Miljøundersøgelser), Department of Arctic Environment"
"http://www.beelc.pl/index.html"	"BEELC"	"Baan Eastern Europe Localisation Centre"
"http://web.bgu.ac.il/Eng/Home"	"BGU"	"Ben-Gurion University of the Negev"
"http://www.bjerknes.uib.no/"	"BCCR"	"Bjerknes Centre for Climate Research"
"http://www.brown.edu/"	"Brown"	"Brown University"
"http://www.drschulz.com/cnt/"	"DrSchulz"	"Dr. Schulz and Partner GmbH"
"http://www.fimr.fi/en_GB/"	"FIMR"	"Finnish Institute Of Marine Research"
"http://www.jamstec.go.jp/e/"	"JAMSTEC"	"Japan Agency for Marine-Earth Science and Technology"
"http://www.uni-muenster.de/Planetology/en/homepage/homepage.html"	"WWU-Münster"	"Westfälische Wilhelms University Münster, Institute for Planetology"
"http://english.careeri.cas.cn/"	"CAS-CAREERI"	"Chinese Academy of Sciences, Cold and Arid Regions Environmental and Engineering Research Institute"
"www.pwr.wroc.pl"	"PWr"	"Wroclaw University of Technology (Politechnika Wroclawska), Faculty of Geoengineering, Mining and Geology"
"http://lpg.obs.ujf-grenoble.fr/"	"LPG"	"Laboratoire de Planetologie Grenoble"
"http://www.kitami-it.ac.jp/eng/index.html"	"KIT"	"Kitami Institute of Technology"
"http://www.latrobe.edu.au/"	"La Trobe"	"La Trobe University"
"http://www.lberi.jp/root/en/bkjhindex.htm"	"LBERI"	"Lake Biwa Environmental Research Institute"
"http://www.uni-mainz.de/eng/"	"JGU"	"Johannes Gutenberg University Mainz"
"www.ustc.edu.cn"	"USTC"	"University of Science and Technology of China"
"http://www.nimr.mrc.ac.uk/"	"NIMR"	"National Institute for Medical Research"
"http://www.nioo.knaw.nl/"	"NIOO-KNAW"	"Netherlands Institute of Ecology, Maarssen"
"www.sio.org.cn"	"SIO"	"The Second Institute of Oceanography, SOA"
"www.fio.org.cn"	"FIO"	"The First Institute of Oceangraphy, SOA"
"http://www.bsys.tsukuba.ac.jp/"	"Tsukuba University"	"University of Tsukuba"
"www.kzu.ch"	"KZU"	"Kantonsschule Zuercher Unterland"
"www.uni-salzburg.at"	"Uni Sbg"	"University of Salzburg"
"http://www.geo.uni-bremen.de/page.php?pageid=2"	"Uni Bremen, IGW"	"University of Bremen, Institute for Geosciences (Geowissenschaften)"
"http://www.ess.ucla.edu/"	"UCLA"	"University of California, Los Angeles, Dept. of Earth and Space Sciences"
"http://www.medunigraz.at"	"Meduni Graz"	"University of Graz"
"http://igras.ru/"	"IG RAS"	"Russian Academy of Sciences, Institute of Geography"
"www.vu.nl"	"VU"	"VU University Amsterdam"
"www.esa.int"	"ESA"	"European Space Agency"
"http://www.mnhn.fr"		"Museum national d`Histoire naturelle"
"http://www.inra.fr/"	"INRA"	"French National Institute for Agricultural Research (Institut National de la Recherche Agronomique)"
"www.iiserkol.ac.in"	"IISER-K"	"Indian Institute of Science Education and Research, Kolkata"
"www.rgcb.res.in"	"RGCB"	"Rajiv Gandhi Centre for Biotechnology"
"www.mri.bund.de"	"MRI"	"Max Rubner Institut, Federal Research Institute of Nutrition and Food, Department of safety and quality of milk and fish products "
"http://www.vti.bund.de/en/institutes/sf/"	"VTI SF"	"Federal Research Institute for Rural Areas, Forestry and Fisheries (Johann Heinrich von Thünen-Institut), Institute of Sea Fisheries"
"http://www.jeanlouisetienne.com/"	"7 Continent"	"7e Continent (7è Continent)"
"http://www.uwe.ac.uk"	"UWE"	"University of the West of England"
"http://www.unigoa.ac.in/"	"UNIGOA"	"Goa University, India"
"N/A"	"UniBen"	"University of Benin"
"http://www.nioo.knaw.nl/node/69"	"NIOO-CEME"	"Netherlands Institute of Ecology, Yerseke"
"http://www.geo.umass.edu/, http://umass.edu"	"UMass-Amherst"	"University of Massachusetts-Amherst"
"www.haschek.co.at, www.kongsfjord.com"	"Haschek"	"Werbegrafik & Film Haschek"
"https://www.locean-ipsl.upmc.fr/index.php"	"CNRS - LOCEAN"	"Centre National de la Recherche Scientifique, Laboratoire LOCEAN"
"http://www.myantarctica.com.my/"	"MARP"	"Malaysian Antarctic Research Program"
"www.inha.ac.kr"	"INHA"	"Inha University, Korea"
"http://www.xmu.edu.cn/"	"XMU"	"Xiamen University"
"http://www.geomech.ac.cn, http://210.73.59.177/"	"CAGS-IG"	"Chinese Academy of Geological Sciences, Institute of Geomechanics"
	"KRYOS Norge"	"KRYOS Norge"
"http://www.kansas.edu"	"KU"	"University of Kansas"
"www.ualberta.ca"	"UALBERTA"	"University of Alberta"
"http://www.nplindia.org/"	"NPL India"	"National Physical Laboratory, India"
"www.macaulay.ac.uk"	"MLURI"	"The Macaulay Land Use Research Institute"
"http://www.joelkostka.net "	"FSU"	"Florida State University"
"http://www.microbial-ecology.net"	"Uni Wien"	"University of Vienna, Faculty of Life Sciences, Department of Microbial Ecology"
"http://www.ise.cnr.it/, http://www.iii.to.cnr.it/"	"CNR-ISE"	"National Research Council of Italy, Istituto per lo Studio degli Ecosistemi"
"www.nrk.no"	"NRK"	"Norwegian Broadcasting Corporation"
"http://www.epoc.u-bordeaux.fr/index.php?lang=en&page=accueil"	"UMR CNRS 5805 EPOC"	"University of Bordeaux (Université Bordeaux), CNRS"
"http://www.geotop.ca/index.php?lang=en"	"GEOTOP"	"University of Quebec (Université du Québec à Montréal), Network for Advanced Studies and Research in Geoscience"
"http://www.uni-koeln.de/index.e.html"	"UzK"	"University of Cologne (Universität zu Köln)"
"http://www.uibk.ac.at/"	"UIBK"	"University of Innsbruck, Institute of Ecology"
"http://www.hiroshima-u.ac.jp/en/gsbs/"	"Hiroshima"	"Hiroshima University, School of Biosphere Science"
"http://www.gfz-potsdam.de"	"GFZ"	"German Research Centre for Geosciences (Geoforschungszentrum Potsdam)"
"http://web.bf.uni-lj.si/bi/biologija-mikroorganizmov/indexE.htm"	"LJU"	"University of Ljubljana, Biotechnical Faculty, Chair of Biology of Microorganisms"
"http://www.kis.si/pls/kis/!kis.web?m=0&j=EN#nav"	"KIS"	"Agricultural Institute of Slovenia"
"http://www.bangor.ac.uk/senrgy/"	"BU"	"Bangor University, School of Environment, Natural Resources and Geography"
"http://www.zoo-rostock.de/"	"Zoo Rostock"	"Zoological Garden Rostock"
"http://www.nies.go.jp/"	"NIES"	"National Institute for Environmental Studies"
"http://www.kopri.re.kr"	"KOPRI"	"Korea Polar Research Institute"
"http://www.inta.es/"	"INTA"	"National Institute for Aerospace Technology (Instituto Nacional de Técnica Aeroespacial, Área de Investigación e Instrumentación Atmosférica)"
"http://www.qmul.ac.uk/"	"QMUL"	"Queen Mary University of London"
"http://www.uni-bayreuth.de/"	"UNI BAY"	"Univeristy of Bayreuth (Universität Bayreuth)"
"http://www.uni-trier.de/"	"Uni Trier"	"University of Trier (Universität Trier)"
"www.cicero.uio.no"	"CICERO"	"Center for International Climate and Environmental Research - Oslo"
"http://www.iris.no/"	"IRIS"	"International Research Institute of Stavanger"
"http://www.kansas.edu"		"Max Planck Insitute for Terrestrial "
"http://www.barentsinstitute.org/home.40603.en.html"	"BAI"	"Barents Institute"
"www.ntu.ac.uk"	"NTU"	"Nottingham Trent University"
"http://www.hik.se/nv/"	"HIK"	"Kalmar University"
"http://venda.uku.fi/research/aerosol/"	"UKU"	"University of Kuopio - Department of Physics"
"http://www-naweb.iaea.org/naml/"	"IAEA - MEL"	"International Atomic Energy Agency, Marine Environment Laboratories"
"www.aber.ac.uk/glaciology"	"ABER"	"Aberystwyth University, Institute of Geography & Earth Sciences"
"http://www.pabgi.ru"	"PABGI KSC RAS"	"Russian Academy of Sciences, Kola Science Center, Polar-Alpine Botanical Garden-Institute, Apatity"
"http://www.difesa.it/SMD/CASD/istituti%2Bmilitari/CeMiSS"	"CeMiSS"	"Centro Militare di Studi Strategici"
"http://manipuruniv.ac.in/"	"MU"	"Manipur University"
"www.pmodwrc.ch"	"WRC PMOD"	"World Radiation Center, Physikalisch-Meteorologisches Observatorium Davos"
"http://www.csic.es/index.do"	"CSIC"	"Consejo Superior de Investigaciones Cientificas"
"http://www.iopan.gda.pl/"	"Institute of Oceanology, Polish Academy of Science"	"IO PAS"
"http://www.ccmar.ualg.pt/home/index.php?id=1"	"CCMAR"	"Centre of Marine Sciences"
"http://cuni.cz/UKENG-1.html"	"CUP"	"Charles University in Prague "
"www.cusat.ac.in "	"CUSAT"	"Cochin University of Science and Technology, School of Marine Sciences"
"http://www.chalmers.se/rss/EN"	"Chalmers"	"Chalmers University of Technology-Earth and Space Sciences"
"www.mmbi.info"	"MMBI"	"Murmansk Marine Biological Institute"
"www.mycoteam.no"	"Mycoteam"	"Mycoteam AS"
"www.hanyang.ac.kr"	"HYU"	"Hanyang University"
"http://www.sggw.pl/"	"WULS"	"Warsaw University of Life Sciences"
"http://www.situations.org.uk/"	"UWE Situations"	"University of the West of England, Situations program"
"http://www.kcl.ac.uk"	"KCL"	"King's College London"
"www.sintef.no/Materialer-og-kjemi/Marin-miljoteknologi/"	"SINTEF MK"	"SINTEF Materials and Chemistry"
"http://www.chem.gu.se/"	"GU-IK"	"University of Gothenburg, Department of Chemistry"
"http://www.gvc.gu.se/Department_of_earth_sciences/"	"GU-ES"	"University of Gothenburg, Dept. of Earth Sciences, Oceanography"
"http://www.chalmers.se/gmv"	"GMV"	"Centre for Environment and Sustainability, GU, Chalmers"
"www.rutgers.edu"	"Rutgers"	"Rutgers, The State University of New Jersey, New Brunswick campus"
"http://www.nmemc.gov.cn"	"NMEMC"	"National Marine Environmental Monitoring Center"
"http://petrsu.karelia.ru/Structure/structure_e.html"	"PSU"	"Petrozavods State University"
"www.geo.uio.no"	"UIO"	"University of Oslo, Department of Geosciences"
"http://www.kms.ac.kr/eng/1_message.html"	"KU CM"	"Korea University, College of Medicine, Institute for Viral Disease"
"www.tuhh.de"	"TUHH"	"Technical University Hamburg Harburg (Technische Universität Hamburg-Harburg)"
"http://www.ist.utl.pt/"	"IST"	"Instituto Superior Tecnico"
"www.ujaen.es"	"UJAEN"	"Universidad de Jaen"
	"UiT NFH IAB"	"University of Tromsø, Norwegian College of Fishery Science, Institute for Aquatic Bioscience"
"http://globiz.sachsen.de/snsd/default.htm"	"SNSD"	"State Natural History Collections in Dresden (Staatliche Naturhistorische Sammlungen Dresden), Museum of Geology and Mineralogy"
"http://www.rug.nl/biologie/onderzoek/onderzoekgroepen/oe/index"	"RUG CEES"	"University of Groningen, Centre for Ecological and Evolutionary Studies, Department of Marine Biology, Ocean Ecosystems"
"http://www.nottingham.ac.uk/"	"Nottingham"	"University of Nottingham"
"http://www.senckenberg.de/root/index.php?page_id=28"	"FIS"	"Forschungsinstitut Senckenberg"
"http://www.univ-rouen.fr/M2C/"	"CNRS - UR, M2C"	"Centre National de la Recherche Scientifique, Universite de Rouen, Lab. Morphodynamique Continentale et Cotiere"
"http://www.ceg.ncl.ac.uk/"	"NCL-2"	"Newcastle University, School of Civil Engineering and Geosciences"
"http://www.univ-lille1.fr/"	"Lille 1"	"Lille University of Science and Technology (Université Sciences et Technologies de Lille)"
"http://www.institut-polaire.fr"	"IPEV"	"Institut polaire francais Paul-Emile Victor"
"http://www.paris-sorbonne.fr"	"Paris IV"	"University Paris-Sorbonne (Université Paris Sorbonne-Paris IV)"
"http://www.rennes.inra.fr/bio3p_eng/"	"INRA, UMR BiO3P"	"INRA, Biology of Organisms and Populations for Plant Protection (Unité Mixte de Recherche Biologie des Organismes et des Populations appliqudées à la Protection des Plantes)"
"http://eost.u-strasbg.fr/IPGS/"	"UMR 7516"	"Institut de Physique du Globe de Strasbourg"
"http://www.ign.fr/"	"IGN"	"Institut Geographique National"
"http://www.nhm.uio.no/ncb/"	"NCB"	"University of Oslo,  National History Museum, National Centre for Biosystematics"
"http://www.tu-darmstadt.de/"	"TU Darmstadt"	"University of Darmstadt"
"http://www.nihon-u.ac.jp/intldiv/en/index.html"	"Nihon"	"Nihon University"
"http://www.kurth-bohrtechnik.de/"	"Kurth-Borhtechnik"	"Dipl.-Ing. Lutz Kurth Borh- und Brunnenausrustungen GmbH"
"http://www.aerodata.de/"		"Aerodata AG"
"http://www.vr.se/"	"VR"	"Swedish Research Council (Vetenskapsrådet)"
"http://www.niigata-u.ac.jp/index_e.html"	"NU"	"Niigata University"
"http://www.sickkids.ca/"	"SickKids"	"Hospital for Sick Children"
"http://www.jst.go.jp/EN/"	"JST"	"Japan Science and Technology Agency"
"http://www.loven.gu.se/"	"LOVEN"	"University of Gothenburg, Sven Loven Centre for Marine Sciences, Kristineberg Marine Research Station"
"http://www.smd.qmul.ac.uk/"	"SMD"	"Queen Mary University of London, Barts and The London School of Medicine and Dentistry"
		"Mitre Geophysics Pty Ltd"
"http://www.nao.ac.jp/E/index.html"	"NAOJ"	"National Astronomical Observatory of Japan"
"http://www.os.is/page/english/"	"OS"	"National Energy Authority of Iceland"
	"FML"	"Institute of Microbiology, Armed Forces Medical Services"
"http://www.rocheuk.com/portal/eipf/united_kingdom/uk_portal/rocheuk/xxxhomexxx"	"Roche UK"	"Roche Pharmaceuticals, United Kingdom"
"http://www.sensoft.ca/"	"SENSOFT"	"Sensors and Software Inc."
"http://swfsc.noaa.gov/"	"NOAA SWFSC"	"National Oceanic and Atmospheric Administration, Southwest Fisheries Science Center"
"http://www.stjude.org"	"STJUDE"	"St. Jude Children´s Research Hospital"
"http://www.statskog.no"	"Statskog"	"Statskog SF"
"http://www.rennes.inra.fr/"	"INRA Rennes"	"French National Institute for Agricultural Research, Campus Rennes"
"http://www.univ-pau.fr/live/"	"UNIV PAU"	"Universite de Pau et des Pays de l Adour (Université de Pau et des Pays de l´Adour)"
"http://www.uni-karlsruhe.de/index_en.php"	"KIT-2"	"Karlsruhe Institute of Technology (Universität Karlsruhe)"
"http://www.st-andrews.ac.uk/"	"St Andrews"	"University of St Andrews"
"http://www.bp.com"	"BP"	"BP"
"http://www.meteo.fr/meteonet_en/index.htm"	"Meteo"	"Meteo France (Météo France)"
"http://www.yamagata-u.ac.jp/"	"YU"	"Yamagata University"
"http://www.chiba-u.jp/e/"	"Chiba"	"Chiba University"
"http://www.um.edu.my/"	"UM"	"University of Malaya (Universiti Malaya), Institue of Biological Sciences"
"http://www.unimore.it/en/"	"UNIMORE"	"University of Modena and Reggio Emilia"
"http://www.isac.cnr.it/"	"ISAC-CNR"	"National Research Council ,Institute for Atmospheric Sciences and Climate  "
"http://www.crrel.usace.army.mil"	"CRREL"	"U.S. Army Cold Regions Research and Engineering Laboratory"
"http://www.sdu.dk"	"SDU"	"University of Southern Denmark"
"www.ut.ee"	"UT"	"University of Tartu, Department of Geography"
"www.kau.se/eng"	"KAU"	"Karlstad University (Karlstads universitet)"
"http://www.rug.nl/biologie/onderzoek/onderzoekInstituten/cees/index?lang=en"	"RUG CEES"	"University of Groningen, Centre for Ecological and Evolutionary Studies"
"http://wwwfr.uni.lu/"	"uni.lu"	"University of Luxembourg (Université du Luxembourg)"
"www.iitkgp.ernet.in"	"IIT KGP"	"Indian Institute of Technology, Kharagpur"
"http://www.incheon.ac.kr/"	"Incheon"	"Incheon University"
"http://www.gees.bham.ac.uk/"	"UoB"	"University of Birmingham, School of Geography, Earth and Environmental Sciences"
"www.iopan.gda.pl"	"IO PAS"	"In"
"www.mycoteam.no"	"Mycoteam AS"	"Mycoteam AS"
"www.buruniv.ac.in"	"BURUNIV"	"The University of Burdwan, Dept. of Biotechnology"
"http://srmcem.ac.in/"	"SRMCEM"	"Shri Ramswaroop Memorial College of Engineering and Management"
"www.unime.it"	"UNIME DBAEM"	"University of Messina, Department of Animal Biology and Marine Ecology"
"http://www.uwb.edu.pl/indexen.php"	"UB"	"University of Bialystok"
"www.dcci.unipi.it"	"UNIPI DCCI"	"University of Pisa, Department of Chemistry and Industrial Chemistry"
"www.uel.ac.uk"	"UEL"	"University of East London"
"www.branta-research.nl"	"Branta Research"	"Branta Research"
"http://www.uach.cl/catalogo/english/index.htm"	"UACH"	"Universidad Austral de Chile, Facultad de Ciencias, Instituto de Biologia Marine"
"http://www.bayceer.uni-bayreuth.de/mm/?lang=en"	"BAYCEER MM"	"University of Bayreuth, Bayreuth Center of Ecology and Environmental Research, Department of Micrometeorology"
"http://www.ucsj.dk/content/dk"	"CVU Sjælland"	"CVU Sjælland - University College/Holbæk Seminarium"
"http://www.kj.uib.no/"	"UiB"	"University of Bergen, Department of Chemistry"
"http://www.pu.kielce.pl"	"AS"	"Jan Kochanowski University"
"http://www.helsinki.fi/biosciences/"	"SYKE"	"Finnish Environment Institute / Marine Research Centre"
"http://www.robinson.cam.ac.uk/"	"Robinson"	"University of Cambridge, Robinson College"
"http://www.newn.cam.ac.uk/"	"Newnham"	"University of Cambridge, Newnham College"
"www.psi.ch/lac"	"PSI"	"Paul Scherrer Institut, Laboratory of Atmospheric Chemistry"
"www.norut.no"	"NORUT"	"Northern Research Institute, Norut, Alta"
"http://www.yamaguchi-u.ac.jp/english/index_e.html"	"Yamaguchi"	"Yamaguchi University"
"http://www.whoi.edu/"	"WHOI"	"Woods Hole Oceanographic Institution"
"http://www.brunel.ac.uk/"	"Brunel"	"Brunel University"
"http://www.titech.ac.jp/"	"TITECH"	"Tokyo Institute of Technology"
"http://www.univ-montp2.fr/"	"UM2"	"Universite Montpellier 2, Sciences et Techniques"
"http://www.stcatz.ox.ac.uk/"	"STCATZ"	"St Catherine´s College Oxford"
"http://www.duke.edu/"	"Duke"	"Duke University"
"http://www.usamriid.army.mil/"	"USAMRIID"	"U.S. Army Medical Research Institute of Infectious Diseases"
"http://www.isac.cnr.it/"	"CNR-ISAC"	"National Research Council of Italy, Institute of Atmospheric Sciences and Climate"
"http://www.iia.cnr.it"	"CNR-IIA"	"National Research Council of Italy, Institute for Atmospheric Pollution"
"http://www.lboro.ac.uk/"	"Loughborough University"	"Loughborough University"
"http://www.ar.vgtu.lt/"	"VGTU"	"Vilnius Gediminas Technical University Architecture Faculty"
"http://www.dlr.de/fb/"	"DLR FB"	"German Aerospace Center, Flight Department"
"http://www.ceh.ac.uk/"	"CEH"	"Centre for Ecology & Hydrology, Bangor"
"www.klima.tu-berlin.de"	"TUB Climatology"	"Technische Universität Berlin, Climatology"
"http://www.nrm.se/en/menu/researchandcollections/departments/palaeozoology.31_en.html"	"NRM"	"Swedish Museum of Natural History, Department of Palaeozoology"
"www.klimageo.rwth-aachen.de"	"RWTH Aachen"	"RWTH Aachen University, Department of Geography"
"www.zfl.uni-bonn.de"	"Bonn University ZFL"	"Bonn University, Center for Remote Sensing of Land Surfaces"
"www.gl.ciw.edu"	"CIW"	"Carnegie Institution of Washington"
"http://www.codaoctopus.com/"	"CodaOctopus"	"Coda Octopus OmniTech AS"
"http://www.nve.no/"	"NVE"	"Norwegian Water Resources and Energy Directorate"
"www.kmi.re.kr"	"KMI"	"Korea Maritime Institute"
"http://www.ncaor.gov.in"		"National Centre for Antarctic and Ocean Research"
"www.sastra.edu"	"SASTRA University"	"Shanmugha Arts, Science, Technology & Research Academy (SASTRA)"
"www.visva-bharati.ac.in"	"Visva-Bharati"	"Visva-Bharati University"
"http://www.mmbi.info"		"Murmansk Marine Biological Institute"
"http://www.inbo.be/content/homepage_en.asp"	"INBO"	"Research Institute for Nature and Forest"
"http://www.uv-index.at/"	"MUI"	"Medical University Innsbruck, Biomedical Physics "
"http://geography.exeter.ac.uk"	"Exeter-Geo"	"University of Exeter, College of Life and Environmental Sciences, Geography"
"www.loff.biz"	"LoFF"	"Longyearbyen Feltbiologiske Forening"
"http://www.hit.no/eng/"	"HiT-ES"	"Telemark University College, Department for Environmental Studies"
"www.none.no"	"ABC"	"Oma Instituutto"
"http://www.ucl.ac.uk/ioo/index.php"		"University College London"
"http://www.raytheon.com/businesses/riis/ris/index.html"	"Raytheon"	"Raytheon Information Solutions"
"www.msu.ru"	"MSU"	"Moscow State University"
"www.ceh.ac.uk"	"CEH"	"Centre for Ecology and Hydrology, Edinburgh"
"none"	"Rehak SPELEO"	"Rehak-SPELEO (Řehák-Speleo)"
"www.zoo.utas.edu.au/awru/"	"UTAS AWRU"	"University of Tasmania, Antarctic Wildlife Research Unit"
"www.mq.edu.au"	"MQ"	"Macquarie University"
"http://www.nyf.hu"	"NYF"	"College of Nyiregyhaza, Institute of Biology"
"www.usal.es"	"USAL"	"University of Salamanca (Universidad de Salamanca)"
"http://www.iopan.gda.pl/index.html"	"IOPAS"	"Polish Academy of Sciences, Institute of Oceanology"
"http://www.kumaununiversity.co.in/"	"KU"	"Kumaun University, Nainital"
"www.meteo.uni-bonn.de"	"MIUB"	"Bonn University, Meteorological Institute"
"www.sun.ac.za/cib"	"CIB"	"University of Stellenbosch, Centre of Excellence for Invasion Biology"
"glac.igras.ru"	"IGRAS"	"Inatitute of Geography, Russian Academy of Sciences"
"http://www.crirp.ac.cn/"	"CRIRP"	"China Research Institute of Radio Wave Propagation"
"http://english.igg.cas.cn/"	"CAS-IGG"	"Chinese Academy of Sciences, Institute of Geology and Geophysics"
"http://www.chinare.gov.cn/caa"	"CAA"	"Chinese Arctic and Antarctic Administration"
"www.geology.cz"	"CGS"	"Czech Geological Survey"
"http://geoinfo.amu.edu.pl/igig/"	"UAM IGGI"	"Adam Mickiewicz University, Faculty of Geographical and Geological Sciences, Institute of Geoecology and Geoinformation"
"www.mediterraneoserviciosmarinos.com"	"MSM"	"Mediterraneo Servicios Marinos, S.L."
"http://www.mil.no/sjo/kv/start/"	"MIL"	"Norwegian Coast Guard (Kystvakten)"
"http://www.uibk.ac.at/"	"UIBK"	"University of Innsbruck, Austria"
"http://www.kit.edu/"	"KIT"	"Karlsruhe Institute of Technology (Karlsruher Institut für Technologie, Universität Karlsruhe)"
"http://www.simrad.com/"	"SIMRAD"	"SIMRAD, Norway"
"http://www.ec.gc.ca"	"EC"	"Environment Canada, Burlington, Ontario, Canada"
"http://www.ttu.ee/"	"TTU"	"Tallinn University of Technology, Tallin, Estonia"
"http://www.lgs.jussieu.fr/"	"CNRS - LdT"	"Centre National de la Recherche Scientifique, Laboratoire de Tectonique"
"http://www.mcgill.ca/"	"MCGILL"	"McGill University, Montreal, Quebec, Canada"
"http://www.ibot.cas.cz"	"ASCR IBOT"	"Academy of Sciences of the Czech Republic, Institute of Botany "
"http://www.mun.ca/"	"MUN"	"Memorial University of Newfoundland and Labrador, Canada"
"http://www.ecgs.lu/"	"ECGS"	"European Center for Geodynamics and Seismology"
"http://www.ibmt.fraunhofer.de/fhg/ibmt_en/"	"IBMT"	"Fraunhofer Institute for Biomedical Engineering St. Ingbert"
"http://www.helmholtz-muenchen.de/en/start/index.html"	"HZM"	"German Research Center for Environmental Health, (Helmholtz Zentrum München, GmbH), Germany"
"http://www.geod.uni-bonn.de"	"Bonn University IGG"	"Bonn University, Institute of Theoretical Geodesy"
"http://iodp.tamu.edu/"	"TAMU"	"Texas A and M University, Ocean Drilling Program, USA"
"http://www.iml.qc.dfo-mpo.gc.ca/"	"DFO-MLI"	"Maurice Lamontagne Institute, Department of Fisheries and Oceans"
"http://www.center.kva.se/"	"KVA"	"Royal Swedish Academy of Sciences, Center for History of Science (Centrum för Vetenskapshistoria) Stockholm, Sweden"
"http://www.bioforsk.no"	"Bioforsk"	"Norwegian Institute for Agricultural and Environmental Research"
"http://www.kurasc.kyoto-u.ac.jp"	"RASC"	"Kyoto University, Radio Science Center for Space and Atmosphere"
	"NHN"	"Nationaal Herbarium Nederland"
	"UiB"	"University of Bergen, Department for Physics and Technology"
" www.ing.pan.pl"	"PAS IGS"	"Polish Academy of Sciences, Institute of Geological Sciences"
"http://www.physics.helsinki.fi/"	"UoH"	"University of Helsinki, Department of Physics"
	"UG"	"University of Gdansk, Department of Vertebrate Ecology and Zoology"
"www.dlr.de/PF"	"DLR PF"	"German Aerospace Center, Institute of Planetary Research"
"http://www.ntnu.no/vitenskapsmuseet/start"	"NTNU-VM"	"Norwegian University of Science and Technology, Museum of Natural History and Archaeology (Vitenskapsmuseet)"
"www.hio.no/JBI"	"HIO"	"Oslo University College, Høgskolen i Oslo"
"http://geoinfo.amu.edu.pl/wngig/igfiksp/default_eng.htm"	"UAM"	"Adam Mickiewicz University, Faculty of Geographical and Geological Sciences, Institute of Physical Geography and Environmental Planning"
"www.dri.edu"	"DRI"	"Desert Research Institute"
"http://bubhopal.nic.in/limnology.htm"	"BU, Bhopal, India"	"Barkatullah University, Faculty of Life Sciences, Department of Limnology"
"www.rmlau.ac.in"	"Avadh University"	"Dr. R.M.L. Avadh University"
"http://www.ecolab.bas.bg/"	"BAS-Ecolab"	"Bulgarian Academy of Sciences, Central Laboratory of General Ecology"
"http://www.aber.ac.uk/"	"ABER"	"Aberystwyth University"
"http://www.virology.nl/"	"Erasmus MC"	"Erasmus Medical Center, Dept. of Virology"
"http://www.uef.fi/biologia"	"UEF"	"University of Eastern Finland, Faculty of Biosciences, (Joensuun Yliopisto)"
"http://www.mpi-marburg.mpg.de/"	"MPI"	"Max Planck Insitute for Terrestrial Microbiology"
"http://www.bgs.ac.uk/nigl/Index.htm"	"BGS NIGL"	"British Geological Survey, NERC Isotope Geosciences Laboratory"
"http://www.biol.lu.se"	"LU"	"Lund University, Department of Cell and Organism Biology, Sweden"
"http://www.hokudai.ac.jp/en/"	"Hokkaido"	"University of Hokkaido, Sapporo, Japan"
"www.usgs.gov"	"USGS"	"US Geological Survey, USA"
"http://www.cam.ac.uk/"	"CAM"	"University of Cambridge, United Kingdom"
"http://www.uac.pt"	"UAC"	"University of the Azores, Portugal"
"http://www.dknvs.no/index.htm"	"DKNVS"	"Royal Norwegian Society of Sciences and Letters"
"http://www.irf.se/"	"IRF"	"Swedish Institute of Space Physics"
"http://www.scitech.ac.uk/SciProg/PP/Contents.aspx"	"SCITECH"	"Science and Technology Facilities Council, Particle Physics, United Kingdom"
"www.carleton.ca"	"Carleton"	"University of Carleton, Ottawa, Canada"
"www.nrm.se"	"NRM"	"Swedish Museum of Natural History (Naturhistoriska Riksmuséet)"
"http://www.lawrence.edu/"	"Lawrence"	"Lawrence University, Appleton, Wisconsin, USA"
"www.bses.org.uk"	"BSES Expeditions"	"British Schools Exploring Society"
"www.epx.no"	"EPX A/S"	"Earth and Planetary Exploration Services"
"www.conocophillips.net"	"COP"	"ConocoPhillips"
"http://www.ngu.no/"	"NGU"	"The Geological Survey of Norway (Norges geologiske undersøkelser)"
"http://www.osakafu-u.ac.jp"	"OPU"	"Osaka Prefecture University, Japan"
"http://www.uni.lodz.pl"	"Uni Lodz"	"University of Lodz, Poland"
"http://www.uiowa.edu/"	"UIOWA"	"University of Iowa, USA"
"http://biosciences.exeter.ac.uk/"	"Exeter-Bio"	"University of Exeter, Department of Biological sciences, Hatherly laboratories, United Kingdom"
"http://www-cgi.uni-regensburg.de/Fakultaeten/Chemie/Fakultaet/aktuelles/index.php"	"URB"	"University of Regensburg, Institute of Inorganic Chemistry, Germany"
"http://www.regjeringen.no/en/dep/md.html?id=668"	"MD"	"Norwegian Ministry of Environment (Miljøverndepartementet)"
"http://www.obs-hp.fr"	"CNRS - OHP"	"Centre National de la Recherche Scientifique, Observatoire de Haute-Provence"
"http://www.nasa.gov/centers/goddard/home/index.html"	"NASA-GSFC"	"National Aeronautics and Space Administration, Goddard Space Flight Center"
"http://www.cambridgecarbonates.com/"	"CAM Carbonates"	"Cambridge Carbonates Ltd., United Kingdom."
"http://www.nrm.se/theswedishmuseumofnaturalhistory/researchandcollections/geology/laboratoryforisotopegeology.78_en.html"	"NRM"	"Swedish Museum of Natural History, Laboratory for Isotope Geology (Naturhistoriska Riksmuséet)"
"http://www.ntnu.no/igb"	"NTNU-IGB"	"Norwegian University of Science and Technology, Department of Geology and Mineral Resources Engineering"
"http://www.dongenergy.no/NO_/Pages/index.aspx"	"Dong Energy"	"Dong Energy E and P Norway"
"http://www.ntnu.no/bat/english"	"NTNU-BAT"	"Norwegian University of Science and Technology, Department of Civil and Transport Engineering"
"www.pabgi.ru"	"PABGI RAS"	"Russian Academy of Sciences, Polar-Alpine Botanical Garden-Institute, Kirovsk"
"http://www.archaeolog.ru/"	"IA RAS"	"Russian Academy of Science, Institute of Archaeology"
"http://www.aber.ac.uk/en/ibers/"	"ABER"	"Aberystwyth University, Institute of Biological, Environmental and Rural Sciences"
"www.met.no"	"met.no"	"Norwegian Meteorological Institute (Meteorologisk Institutt)"
"http://www.kew.org/"	"KEW"	"Royal Botanic Gardens, Jodrell Laboratory, Kew, United Kingdom"
"http://uk.kvl.dk/main.asp"	"KVL"	"Royal Veterinary and Agricultural University"
"http://www.ujf-grenoble.fr"	"UJF"	"University Joseph Fourier (Université Joseph Fourier), Lab. de Biologie des Populations dAltitude, Grenoble, France"
"http://www.ncl.ac.uk/"	"NCL"	"University of Newastle upon Tyne, United Kingdom"
"http://www.dwd.de/"	"DWD"	"German Weather Service (Deutscher Wetterdienst)"
	"IZMIRAN"	"High Latitude Geophysical Laboratory, IZMIRAN"
"http://www.usu.edu/"	"USU"	"Utah State University, Center for Atmospheric and Space Sciences, USA"
"http://www.unomaha.edu/main.php"	"NU Omaha"	"University of Nebraska, Omaha Campus, USA."
"http://www.shef.ac.uk/"	"SHEF"	"University of Sheffield, United Kingdom"
"http://www.alaska.edu/"	"UAF"	"University of Alaska"
"http://www.uni-heidelberg.de"	"Uni Heidelberg"	"University of Heidelberg, Germany."
"http://www.au.dk/en"	"AU"	"Aarhus University, Denmark"
"http://www.nrl.navy.mil/"	"NRL"	"US Naval Research Lab"
"http://www.ugent.be"	"UGENT"	"University of Gent, Belgium"
"http://www.unibo.it"	"UNIBO"	"University of Bologna, Italy"
"http://www.uniurb.it"	"UNIURB"	"University of Urbino, Italy"
"http://www.uclan.ac.uk/"	"UCLAN"	"University of Central Lancashire, United Kingdom"
"http://www.mil.no/felles/ffi"	"FFI"	"Norwegian Defense Research Establishment (FFI)"
"http://www.opticonsult.no/"	"Opticonsult"	"Opticonsult"
"http://www.hibo.no/english"	"HBO"	"Bodø University College (Høgskolen i Bodø)"
"http://www.knu.ac.kr/bbs/newmain/index.jsp"	"KNU"	"Kyungpook National University"
"www.nina.no"	"NINA - Lillehammer"	"Norwegian Institute for Nature Research, Lillehammer"
"http://www.vsegei.ru"		"A.P.Karpinsky Russian Geological Research Institute"
"www.imbg.org.ua"	"NASU IMBG"	"National Academy of Sciences of Ukraine, Institute of Molecular Biology and Genetics"
"www.univer.kharkov.ua"	"KhNU"	"V.N.Karazin Kharkiv National University"
"www.imbg.org.ua"	"IMBG"	"Institute Molecular biology and Genetic NAS"
"www.mebrc.org/"	"NASU MEBRC"	"National Academy of Sciences of Ukraine, Megapolis Ecomonitoring and Biodiversity Research Centre"
"www.niku.no"		"The Norwegian Institute for Cultural Heritage Research "
"www.sp.se"	"SP"	"SP Technical Research Institute of Sweden"
"www.goauniversity.ac.in"	"Goauniv"	"Goa University"
"www. santateresa.enea.it"	"ENEA-MERC"	"ENEA-Marine Environment Research Centre"
"http://www.bio.uio.no/"	"UiO"	"University of Oslo, Department of Biology"
"http://www.sintef.no/"	"SINTEF PR"	"SINTEF Petroleum Research"
"www.nina.no"	"NINA - Trondheim"	"Norwegian Institute for Nature Research, Trondheim"
"http://www.univpm.it/Entra/Engine/RAServePG.php"	"UNIVPM"	"Universita Politecnica delle Marche"
"http://www.naturfagsenteret.no/"	"NCSE"	"Norwegian Centre for Science Education"
"www.niku.no"	"NIKU"	"The Norwegian Institute for Cultural Heritage Research"
"http://www.umu.se/english/, http://www.umf.umu.se/"	"UMU"	"Umeå University, Umeå Marine Sciences Centre (Umeå Marina Forskningscentrum)"
"www.hint.no"	"HiNT"	"Nord-Trøndelag University College"
"http://www.osakafu-u.ac.jp/english/academics/g_life_envi/index.html"	"OPU"	"Osaka Prefecture University, Graduate School of Life and Environmental Sciences"
"http://www.oru.se/English/"	"ORU"	"Örebro University, Department of Natural Science"
"http://english.dirnat.no/"	"DN"	"The Directorate for Nature Management (Direktoratet for naturforvaltning)"
"http://www.rf.no/"	"IRIS RF"	"International Research Institute of Stavanger, Rogalandsforskning, Akvamiljø"
"http://www.whu.edu.cn"	"WHU"	"Wuhan University"
"http://www.colorado.edu"	"CU"	"University of Colorado"
"http://www.gzn.uni-erlangen.de/"	"GZN"	"University of Erlangen (Universität Erlangen-Nürnberg), North Bavarian Center of Geosciences"
"http://www.marecol.gu.se/"	"GU-MARECOL"	"University of Gothenburg, Institute of Marine Ecology"
"http://www.ntnu.no/biologi"	"NTNU-IBI"	"Norwegian University of Science and Technology, Department of Biology"
"currently being revised"	"ARG"	"Arctic Research Group"
"http://www.zv.uni-leipzig.de/"	"LIM"	"University of Leipzig, Faculty of Physics and Earth Sciences, Institute for Meteorology (Leipziger Institut für Meteorologie)"
"http://english.rcees.cas.cn/"	"RCEES"	"Research Center for Eco-Environmental Sciences, Chinese Academy of Science"
"http://www.iap.ac.cn/english/iap/index.htm"	"CAS-IAP"	"Chinese Academy of Sciences, Institute of Atmospheric Physics"
"http://www.cams.cma.gov.cn/"	"CAMS"	"Chinese Academy of Meteorological Sciences "
"http://www.lzu.edu.cn/notice/English/Introduction.htm"	"LZU"	"Lanzhou University, College of Atmospheric Sciences"
"http://www.ubbcluj.ro/en/index.html"	"UBB"	"Babes Bolyai University"
"www.unifi.it"	"UNIFI"	"University of Florence (Università degli Studi di Firenze)"
"www.csiro.au/"	"CSIRO"	"Commonwealth Scientific and Industrial Research Organisation, Australia"
"http://www.up.wroc.pl/"	"UP"	"Department of Botany and Plant Ecology, The Faculty of Life Sciences and Technology, Wroclaw University of Environmental and Life Sciences"
"http://www.up.wroc.pl/"	"UP"	"Wroclaw University of Environmental and Life Sciences"
"http://www.science.smith.edu/cmet/"	"Smith College"	"Smith College "
"http://www.vbpr.no/"	"VBPR"	"Volcanic Basin Petroleum Research"
"www.iop.krakow.pl"	"PAS IOP"	"Polish Academy of Sciences, Institute of Nature Conservation"
"http://www.rcees.ac.cn/"	"CAS-RCEES"	"Chinese Academy of Sciences, Research Center for Eco-Environmental Sciences"
"http://www.geko.lu.se/kontakt.htm"	"LU-ENES"	"Lund University, Department of Earth and Ecosystem Sciences"
"www.dpes.gu.se"	"GU-DPES"	"University of Gothenburg, Dept. of Plant and Environmental Sciences"
"http://ims.shinshu-u.ac.jp/documents/english/index_e.html"	"SUIMS"	"Shinshu University, Institute of Mountain Science"
"http://www3.u-toyama.ac.jp/cfes/indexE.html"	"CFES"	"University of Toyama, Center for Far Eastern Studies"
"http://www.vssc.gov.in"	"VSSC SPL"	"Vikram Sarabhai Space Centre, Space Physics Laboratory"
"www.bangor.ac.uk"	"BU"	"Bangor University"
"www.univet.hu"	"UNIVET"	"Szent Istvan University"
"http://www.ibmt.fhg.de/fhg/ibmt/institutsprofil/standorte/_index_potsdam_golm.jsp"	"IBMT"	"Fraunhofer Institute for Biomedical Engineering IBMT Potsdam"
"http://www.vaxtbio.uu.se/"	"UU-IEE"	"Uppsala University, Department of Ecology and Evolution/Plant Ecology"
"http://www.smu.ac.kr/default.html"	"SMU"	"Sangmyung University, Department of Green Life Science"
"http://www.amu.edu.pl/en/about-us/faculties/faculty-of-biology"	"UAM BF"	"Adam Mickiewicz University, Faculty of Biology"
"http://www.ucl.ac.uk/gee/"	"UCL GEE"	"University College London, Department of Genetics, Evolution and Environment"
"http://pondside.uchicago.edu/oba/"	"UChicago OBA"	"University of Chicago, Department of Organismal Biology & Anatomy"
"http://www.science.ulster.ac.uk/envsci/-Contact-Us-.html"	"UU"	"University of Ulster - School of Environmental Sciences"
"www.pomorsu.ru"	"PGU"	"The Pomor State University named after M.Lomonosov"
"www.pomorsu.ru"		"The Pomor State University named after M. Lomonosov"
"http://www.wsl.ch/"	"WSL"	"Swiss Federal Institute for Forest, Snow and Landscape Research"
"www.otago.ac.nz"	"UoO"	"University of Otago"
"http://geography.exeter.ac.uk"	"Exeter Geography"	"School of Geography, University of Exeter"
"http://www.vsegei.ru/en/"	"VSEGEI"	"A.P. Karpinsky Russian Geological Research Institute"
"http://www.uniroma3.it"	"UniRoma3"	"University of Rome 3 (Roma Tre)"
"www.ruhr-uni-bochum.de"	"RUB"	"University of Bochum (Ruhr-Universität Bochum)"
"http://www.northumbria.ac.uk/"	"NU"	"Northumbria University"
"http://www.up.wroc.pl/"	"UP-BPE"	"Wroclaw University, Faculty of Life Sciences and Technology, Dept. of Botany and Plant Ecology"
"http://geo.pu.ru/"	"SPSU"	"Saint-Petersburg State University"
"http://www.utu.fi/en/"	"UTU"	"University of Turku"
"http://www.natfak1.uni-halle.de/"	"MLU"	"Martin-Luther-University, Institute of Plantphysiology, Halle"
"http://www.spri.cam.ac.uk/"	"SPRI"	"University of Cambridge, Scott Polar Research Institute, United Kingdom"
"http://www.uni-oldenburg.de"	"COU"	"University of Oldenburg (Carl von Ossietzky Universität), Germany"
"http://www.geog.ox.ac.uk/"	"OUCE"	"Oxford University Centre for the Environment, School of Geography"
"http://www.jpl.nasa.gov"	"NASA"	"National Aeronautics and Space Administration, Jet Propulsion Laboratory"
"http://www.uni-hannover.de"	"GWLU"	"Gottfried Wilhelm Leibniz Universität Hannover, Germany"
"http://www.hu-berlin.de"	"HU"	"Humboldt University of Berlin, Germany"
"http://www.dur.ac.uk/"	"DUR"	"University of Durham, United Kingdom"
"http://www.utas.edu.au/"	"UTAS"	"University of Tasmania, Australia"
"http://www.dmu.dk/"	"NERI"	"National Environmental Research Institute, Denmark"
"http://www.scitech.ac.uk/About/Find/RAL/Introduction.aspx"	"RAL"	"Rutherford Appleton Laboratory"
"www.tencate.com"	"TENCATE GEOSYNTHETICS "	"TenCate Geosynthetics France SAS"
"www.recherche-innovation.equipement.gouv.fr, http://www.lcpc.fr/fr/presentation/collaboration/index6.dml"	"LCPC"	"Laboratoire regional des Ponts et Chaussees de Nancy "
"www.uni-konstanz.de"	"UK"	"University of Konstanz (Universität Konstanz)"
"http://glaciog.ujf-grenoble.fr"	"LGGE"	"Laboratory of Glaciology and Geophysics of the Environment"
	"UG"	"University of Gdansk, Department of Invertebrate Zoology"
"http://www.ujf-grenoble.fr/36392593/0/fiche___pagelibre_accueil/"	"UJF"	"Universite Joseph Fourier"
	"NAU"	"Northern Arizona University"
"http://bubhopal.nic.in/"	"BU, Bhopal, India"	"Barkatullah University"
"http://www.portal.gsi.gov.in/portal/page?_pageid=108,717695&_dad=portal&_schema=PORTAL"	"GSI"	"Geological Survey of India"
"www.pml.ac.uk/"	"PML"	"Plymouth Marine Laboratory, United Kingdom"
"http://www.biotech.ug.gda.pl/stbiol/eng/index.htm"	"UG"	"University of Gdansk, Biological Station"
"http://www.swansea.ac.uk/environment_society/"	"Swan"	"Swansea University, School of the Environment and Society"
"http://jove.geol.niu.edu/"	"NIU"	"Northern Illinois University, Department of Geology"
"http://english.dirnat.no/"	"DN"	"Directorate for Nature Management"
"http://www.sft.no"	"SFT"	"Norwegian Pollution Control Authority"
"http://www.vetinst.no"	"VETINST"	"National Veterinary Institute, Oslo, Norway (Veterinærinstitutt)"
"http://www.nycomed.com/en/menu/"	"Nycomed"	"Nycomed"
"http://www.ssb.no"	"SSB"	"Statistics Norway (Statistisk sentralbyrå)"
"http://www.wild-russia.org/bioregion2/2-kandalakshsky/2_kandal.htm"	"CRNC"	"Center for Russian Nature Conservation, Kandalaksha"
"http://www.statnett.no"	"Statnett"	"Statnett, Oslo, Norway"
"http://www.hihm.no"	"HiHM"	"Hedmark University College"
"http://www.hit.no"	"HiT"	"Telemark University College, Norway"
"http://www.fni.no/insrop/"	"INSROP"	"International Northern Sea Route Programme"
"http://www.wwf.no/"	"WWF-Norway"	"World Wildlife Fund - Norway"
"http://www.snsd.de/"	"SNSD"	"Senckenberg Naturhistorische Sammlung Dresden, Museum für Mineralogie und Geologie Dresden"
"http://www.mbl.ku.dk/"	"MBL"	"University of Copenhagen, Institute of Biology, Marine Biological Laboratory"
"http://www.pomona.edu/"	"POMONA"	"Pomona College"
"http://www.myantarctica.com.my/aboutMARP.htm"	"UM"	"University of Malaya"
"http://www.nofima.no/"	"NOFIMA"	"The Norwegian Institute of Food, Fisheries and Aquaculture Research"
"http://www.imr.no/en"	"IMR"	"Institute of Marine Research, Tromsø, Norway"
"http://www.snm.ku.dk and www.geologiskmuseum.dk"	"SNM-GEO"	"Natural History Museum of Denmark, Geological Museum (Statens Naturhistoriske Museum, Geologisk Museum)"
"http://www.on.ec.gc.ca/wildlife/wildlife_e.html"	"CWS"	"Canadian Wildlife Service"
"www.kth.se"	"KTH"	"Royal Institute of Technology, Div. of History of Science and Technology"
"http://www.ss.mtu.edu/IA/iahm.html"	"MTU"	"Michigan Technological University, Industrial Archaeology"
"http://www.nefsc.noaa.gov/"	"NOAA NEFSC"	"National Oceanic and Atmospheric Administration, Marine Fisheries Service, Northeast Fisheries Science Center"
"www.bsip.res.in"	"BSIP"	"Birbal Sahni Institute of Palaeobotany"
"http://www.uaic.ro/uaic/bin/view/Main/?language=en"	"UAIC, CESEE"	"""Alexandru Ioan Cuza"" University, Centre of Expertise for Sustainable Exploitation of Ecosystems"
"www.nationalgeographic.com, www.brucebarcott.com"	"NGC"	"National Geographic Society"
"http://www.obs-vlfr.fr/LOV/"	"LOV"	"Laboratoire d Oceanographie de Villefranche"
"http://www.tohoku.ac.jp"	"Tohoku"	"Tohoku University, Sendai, Japan"
"http://www.usask.ca/"	"USASK"	"University of Saskatchewan, Canada"
"http://www.gkss.de/index_e.html"	"GKSS"	"GKSS Research Center Geesthacht (GKSS-Forschungszentrum Geesthacht GmbH), Germany"
"http://www.univ-rouen.fr/"	"Rouen"	"Rouen University (Université de Rouen)"
"http://www.ug.gda.pl/pl/"	"UG"	"University of Gdansk, Department of Genetics and Cytology"
"http://www.swan.ac.uk/geography/"	"Swan"	"Swansea University, Department of Geography"
"http://www.ups-tlse.fr/"	"UPS"	"University Paul Sabatier (Université Paul Sabatier)"
"http://www.uniroma1.it/"	"UniRoma1"	"University of Rome ""La Sapienza"""
"http://www2.uit.no/ikbViewer/page/ansatte/organisasjon/hjem?p_dimension_id=88163&p_menu=42374&p_lang=1"	"UiT BFE"	"University of Tromsø, Faculty for Biosciences, Fisheries and Economics"
"http://www.im.cas.cn/"	"CAS-IM"	"Chinese Academy of Sciences, Institute of Microbiology"
"http://www.tio.org.cn/index_English.asp"	"TIO SOA"	"The Third Institute of Oceangraphy, SOA, China"
"www.arctowski.pl"	"PAN ZBA"	"Polish Academy of Sciences Department of Polar Biology"
"http://www.aiofm.cas.cn/"	"CAS-AIOFM"	"Chinese Academy of Sciences, Anhui Institute of Optics and Fine Mechanics"
"http://www.nottingham.ac.uk/engineering/departments/chemenv/index.aspx"	"UoN DCEE"	"University of Nottingham, Department of Chemical and Environmental Engineering"
"http://wwwobs.univ-bpclermont.fr/atmos/fr/index.php"	"LaMP CNRS/UBP"	"Laboratoire de Météorologie Physique, Université Blaise Pascal, Clermont Ferrand, UMR6016 CNRS"
"http://img.univie.ac.at/"	"IMGW"	"Department of Meteorology and Geophysics, University Vienna"
"http://ur.krakow.pl/"	"University of Agriculture in Krakow"	"University of Agriculture in Krakow"
"http://www.unilab.no/"	"UNILAB analyse AS"	"UNILAB analyse AS"
	"NOAA"	"National Oceanic and Atmospheric Administration"
	"University polytechnical of Ancona"	"University polytechnical of Ancona"
	"University of the Basque country"	"University of the Basque country"
"www.uni.no"	"Uni Research"	"Uni Research"
"http://www.geus.dk/"	"GEUS"	"Geological Survey of Denmark"
"http://www.awi.de/en/institute/sites/potsdam/"	"AWI-Potsdam"	"Alfred Wegener Institute Potsdam"
"http://www.ocean.ug.edu.pl/pages/english-version/about-the-institute.php"	"IO UG"	"Institute of Oceanography, University of Gdansk"
"http://www2.hull.ac.uk/science/gees.aspx"	"UoH"	"University of Hull"
"http://www.krc.karelia.ru/index.php?plang=e"	"KaRC"	"Russian Academy of Science Karelian Research Centre, Institute of Biology"
"www.niku.no"	"NIKU"	"Norwegian Institute for Cultural Heritage Research"
"http://www.kth.se/abe/inst/philhist/historia"	"KTH"	"Royal institute of technology, Division of History of Science, Technology and Environment"
"http://www.univ-lehavre.fr/"	"ULH"	"University of Le Havre"
	"Komi Science Center"	"Ural Branch, Russian    Academy of Science "
"http://www.ksc.komi.ru/en/"	"RAS KOMI"	"Russian Academy of Sciences, Ural Division, Komi Science Center"
"http://www2.uit.no/ikbViewer/page/ansatte/organisasjon/hjem?p_dimension_id=88110&p_menu=42374&p_lang=2"	"UiT IMB"	"University in Tromsø, Department of Medical Biology, Medical Pharmacology and Toxicology"
"http://www.polosci.unifi.it/"	"UNIFI Chemistry"	"University of Florence (Università degli Studi di Firenze), Department of Chemistry"
"www.hzg.de"	"HZG"	"Helmholtz-Zentrum Geesthacht Centre for Materials and Coastal Research, Institute for Coastal Research "
"http://www.earthscience.ucr.edu/"	"UCR"	"University of California, Riverside, Dept. of Earth Sciences"
"http://www-iuem.univ-brest.fr/UMR6539/"	"LEMAR"	"Laboratory of sciences of the marine environment (Laboratoire des Sciences de l'Environnement Marin)"
"www.ncosm.gov.cn"	"NCOSM"	"National Center of Ocean Standards and Metrology"
"www.bioforsk.no"	"Bioforsk Nord"	"Bioforsk - Norwegian Institute for Agricultural and Environmental Research"
"http://www.sci.muni.cz"	"MU FoS"	"Masaryk University, Faculty of Science"
"www.ifremer.fr"	"IFREMER"	"French Research Institute for Exploration of the Sea (L'Institut Français de Recherche pour l'Exploitation de la Mer)"
"www.dtu.dk"	"DTU"	"Technical University of Denmark"
"http://www.sb-roscoff.fr/"	"SBR"	"Station Biologique de Roscoff"
"www.tno.nl"	"TNO"	"TNO"
"www.yourku.ca./fes"	"York University"	"York University, Faculty of Environmental Studies"
"http://www.awi.de/en/institute/sites/helgoland/"	"AWI-Helgoland"	"Alfred Wegener Institute Helgoland"
"www.faam.ac.uk"	"FAAM"	"Facility for Airborne Atmospheric Measurements"
"www.ouc.edu.cn"	"OUC"	"Ocean University of China"
"www.uninsubria.it"	"Uninsubria"	"University of Insubria"
"http://narfu.ru/"	"NArFU"	"Northern (Arctic) Federal University named after M.V. Lomonosov"
"http://www.svalbardscienceforum.no"	"SSF"	"Svalbard Science Forum"
"www.iitk.ac.in"	"IIT Kanpur"	"Indian Institute Of Technology Kanpur"
"www.ufv.br"	"UFV"	"Federal University of Viçosa"
"www.ntnu.no/isb"	"NTNUcam"	"Norwegian University of Science and Technology, Department of Circulation and Medical Imaging"
"http://www.geo.uw.edu.pl/"	"Department of Geology UW"	"Department of Geology University of Warsaw"
"http://www.geos.ed.ac.uk/geography/"	"EDI"	"University of Edinburgh"
"www.bates.edu"	"Bates College"	"Bates College"
"www.unina2.it"	"SUN"	"Seconda Università di Napoli, Environmental Science Dept."
"www.idpa.cnr.it"	"CNR"	"National Research Council, Institute for the Dynamics of Environmental Processes (IDPA)"
"www.smtu.ru"	"MTU"	"State Marine Technical University of St.Petersburg"
"www.ufp.pt"	"UFP"	"University Fernando Pessoa"
"http://www.idaea.csic.es/"	"IDAEA-CSIC"	"Consejo Superior de Investigaciones Científicas (Instituto de Diagnóstico Ambiental y Estudios del Agua)"
"http://www.hartrao.ac.za"	"HartRAO"	"Hartebeesthoek Radio Astronomy Observatory"
"http://www.kezk.bio.univ.gda.pl/"	"UG KEiZK"	"University of Gdańsk, Dept. of Vertebrate Ecology and Zoology"
"http://www.ibaf.cnr.it/English%20version/index.htm"	"IBAF"	"Institute of Agro-environmental and Foresty Biology"
"www.ucc.ie"	"UCC"	"University College Cork"
"http://www.vliz.be"	"VLIZ"	"Flanders Marine Institute (Vlaams Instituut Voor De Zee)"
"http://www.ampere-lyon.fr/"	"AMPERE"	"Laboratoire Ampère (Ampere Laboratory)"
"http://www.med.uio.no/imb/om/organisasjon/avdelinger/ernaering/"	"UiO, DoN"	"University of Oslo, Institute of Basic Medical Sciences, Department of Nutrition "
"www.nhm.ac.uk"	"NHM"	"Natural History Museum, London, UK"
"http://www.uqar.ca/"	"UQAR"	"University of Quebec in Rimouski"
"www.glackma.es"	"GLACKMA"	"Glaciares, Criokarst y Medio Ambiente"
"http://www.ncas.rutgers.edu/ees"	"Rutgers"	"Rutgers, the State University of New Jersey, Department of Earth & Environmental Sciences"
"http://www.uaa.alaska.edu"	"UAA"	"University of Alaska Anchorage"
"www.mail.jnu.ac.in"	"JNU"	"Jawaharlal University, New Delhi"
"www.allamericanhero.net"	"Enet"	"Enet"
"http://www.lundin-petroleum.com/eng/operation_norway.php"	"Lundin"	"Lundin Norway AS"
"www.ksri.ru"	"KSRC"	"Krylov State Research Centre"
"www.unina2.it"	"SUN"	"Second University of Naples"
"http://fw.oregonstate.edu/"	"OSU"	"Oregon State University, Department of Fisheries and Wildlife"
"http://www.wageningenur.nl/en.htm"	"WU"	"Wageningen University"
"http://www.york.ac.uk/"	"UoY, ED"	"University of York, Environment Department"
"www.iamma.8m.com"	" IAMMA"	"Institute of agricultural marketing, management & administration, India"
"http://www.dirnat.no"	"DN"	"Directorate for nature management"
"http://www.awi.de/en/research/research_divisions/biosciences/coastal_ecology/"	"AWI-Sylt"	"Alfred Wegener Institute, Wadden Sea Station Sylt - Coastal Ecology"
"http://www.upm.es/institucional"	"UPM"	"Technical University of Madrid (Universidad Politécnica de Madrid)"
"www.mncn.csic.es"	"MNCN-CSIC"	"Natural History Museum, Spanish Council for Scientific Research"
"http://www.ruhr-uni-bochum.de"	"RUB"	"Ruhr-Universität Bochum"
"http://www.uibk.ac.at/"	"IMGI"	"University of Innsbruck, Institute of Meteorology and Geophysics "
"www.rocketrange.no"	"ARS"	"Andøya Rocket Range"
"http://www.geos.unicaen.fr"	"M2C"	"University of Caen, Laboratoire de morphodynamique Continentale et Côtière (Laboratory of continental and coastal morphodynamics)"
"http://www.abington.psu.edu/psasite.php"	"PSU-Abington"	"Penn State University, Abington College"
"none"	"EC"	"Environmental Consutling"
"http://thema.univ-fcomte.fr/"	"GDR CNRS Mutations polaires"	"Centre National de la Recherche Scientifique GDR Mutations polaires"
"none"	"EC"	"Environmental Consulting"
"www.ngu.no"	"NGU"	"Geological Survey of Norway"
"www.alterra.wur.nl/uk"	"Alterra"	"Alterra, Wageningen UR"
"www.krsc.ru"	"KB GS RAS"	"Kola Branch of Geophysical Service Russian Academy of Science"
"http://www.helsinki.fi/ymparistotieteet/english/index.html"	"UoH"	"University of Helsinki, Department of Environmental Sciences"
"www.dur.ac.uk"	"DU"	"Durham University, Department of Biological and Biomedical Sciences"
"www.usm.my"	"USM"	"Universiti Sains Malaysia"
"http://www.nrcan.gc.ca/earth-sciences/about/organization/organization-structure/geological-survey-of-canada/8422"	"GSC"	"Geological Survey of Canada "
"http://geoscience.ucalgary.ca/"	"UC"	"University of Calgary, Faculty of Geoscience"
"http://www.gzn.uni-erlangen.de/geozentrum/"	"FAU"	"Friedrich-Alexander Universität Erlangen-Nürnberg (FAU), GeoZentrum Nordbayern"
"http://www.geology.gov.yk.ca"	"YGS"	"Yukon Geological Survey "
"http://www.dst.unisi.it/"	"DST"	"University of Siena, Dipartimento di Scienze della Terra"
"http://www.dur.ac.uk/geography/"	"DUR Geography"	"Durham University, Department of Geography"
"www.unom.ac.in"	"MU"	"Madras University"
"www.nina.no"	"NINA, Oslo"	"Norwegian Institute for Nature Research, Oslo"
"http://www.helsinki.fi/geo/english/index.html"	"UoH Geo"	"University of Helsinki, Department of Geosciences and geography "
"http://webdeptos.uma.es/ecolgeo/"	"UMA"	"Universidad de Málaga, Facultad de Ciencias, Departamento de Ecología y Geología"
"www.plymouth.ac.uk"	"Plymouth University"	"University of Plymouth"
"http://www.umd.umich.edu/"	"U of M - Dearborn"	"University of Michigan - Dearborn"
"http://www.qdio.cas.cn/"	"IOCAS"	"Institute of Oceanology, Chinese Academy of Sciences"
"http://www.wsu.edu"	"WSU"	"Washington State University"
"www.seasketch.org"	"SEASKETCH"	"PanArctic Project Seasketch "
"http://www.exeter.ac.uk/cornwall/"	"Exeter-Eco"	"University of Exeter, Cornwall Campus, Center for Ecology and Conservation"
"http://www.ceg.ncl.ac.uk/"	"NCL"	"University of Newastle upon Tyne, United Kingdom, School of Civil Engineering and Geosciences"
"www.nct.ac.in"	"NC"	"National College, Tiruchirappalli"
"http://www.bnu.edu.cn/pub/bei/"	"BNU"	"Beijing Normal University-College of Global Change and Earth System Science"
"http://www.dlut.edu.cn"	"DUT"	"Dalian University of Technology"
"http://english.ib.cas.cn/"	"CAS-IB"	"Chinese Academy of Sciences, Institute of Botany"
"www.uio.no"	"UiO"	"University of Oslo"
"www.bdu.ac.in"	"BDU"	"Bharathidasan University"
"http://www.pknu.ac.kr/usrEngIndex.do"	"PKNU"	"Pukyong National University, South Korea"
"http://www.ncnp.go.jp/nin/index_e.html"	"NIN"	"National Institute of Neuroscience, Tokyo, Japan"
"http://tu-dresden.de"	"TU Dresden"	"Technical University Dresden"
"http://www-iuem.univ-brest.fr/"	"UBO - IUEM"	"University of Bretagne Occidentale - European University Institute of Marine Sciences"
"www.snu.ac.kr"	"SNU"	"Seoul National University"
"http://www.kict.re.kr/"	"KICT"	"Korea Institute Construction Technology"
"http://www.snu.ac.kr"	"SNU"	"Seoul National University"
"imr.no"	"IMR"	"Institute of Marine Research"
"http://www.hutton.ac.uk/"	"JHI"	"The James Hutton Institute"
"http://www.abdn.ac.uk/"	"UoA"	"The University of Aberdeen"
"www.cycleguide.info"	"cycleguide"	"cycleguide e.K."
"www.aho.no"	"AHO"	"Arkitektur- og Designhøgskolen i Oslo"
"http://www.k-state.edu"	"K-State"	"Kansas State University"
"http://www.ulg.ac.be"	"ulg"	"University of Liège"
"www.ismer.ca"	"ISMER/UQAR"	"Institut des Sciences de la Mer de Rimouski"
"http://www.rug.nl/research/behavioural-ecology-and-self-organization/"	"Behavioral Ecology and Selforganization, Centre for Ecological and Evolutionary Studies"	"University of Groningen"
"http://www.uni-leipzig.de/geographie/"	"UL"	"Universität Leipzig, Institut für Geographie "
"http://en.puls.edu.pl/"	"Poznan"	"Poznan University of Life Sciences"
"http://www.iepn.ru/"	"IEPN, Ural branch of Russian Academy of Science"	"Institute of Ecologocal Problems of the North, Ural branch of Russian Academy of Science"
"http://www.unich.it/"	"UniChietiPescara"	"Università degli Studi 'G. d'Annunzio' Chieti e Pescara"
"www.hampshire.edu"	"Hampshire College"	"Hampshire College"
"http://niku.no/"	"NIKU"	"Norwegian Institute for Cultural Heritage Research"
"http://www.ibaf.cnr.it"	"CNR IBAF"	"CNR - Istituto di biologia agro-ambientale e forestale"
"www.iamc.cnr.it"	"CNR IAMC"	"CNR Istituto per l'Ambiente Marino Costiero"
"http://ivscc.gsfc.nasa.gov/contacts.html"	"IVS"	"International VLBI Service for Geodesy and Astrometry"
"www.mgimo.ru"	"MGIMO"	"Moscow State University of International Affairs (MFA Russia)"
"http://www.cipr.uni.no/"	"Uni CIPR"	"Centre for Integrated Petroleum Research"
"http://www.sum.uio.no/contact/index.html"	"UiO SUM"	"University of Oslo, Centre for Development and the Environment"
"http://biology.krc.karelia.ru/default1.htm"	"Karelian research centre"	"Institute of Biology, Karelian research centre, russian academy of science"
"http://www.igot.ul.pt"	"IGOT"	"Instituto de Geografia e Ordenamento do Território"
"www.polenord2012.com"	"Pole Nord 2012"	"Association Pole Nord 2012"
"http://www.asp.katowice.pl"	"Academy of Fine Arts, Faculty of Design"	"Academy of Fine Arts in Katowice, Poland"
"http://www.bub.ernet.in/"	"Dept. of Environmental Sciences "	"Bangalore University"
"www.ecnu.edu.cn; www.sklec.ecnu.edu.cn"	"SKLEC ECNU"	"State Key Lab of Estuarine and Coastal Research, East China Normal University"
"http://iepn.ru/"	"IEPN UB RAS"	"Institute of Environmental Problems of the North of the Ural Branch of Russian Academy of Sciences"
"http://www.lokalstyre.no"	"Bydrift"	"Bydrift Longyearbyen KF "
"www.ulg.ac.be"	"ULg-CIP"	"University of Liege, Sart-Tilman,  "
	"IU"	"Iowa University"
"http://iopan.gda.pl/"	"IOPAS"	"Institute Of Oceanology Polish Academy Of Sciences"
"www.galsgow.ac.uk"	"GL"	"University of Glasgow"
"http://www.cima.gov.cn/"	"CIMA"	"China Institute for Marine Affairs"
"www.keralauniversity.edu"	"KU"	"University of Kerala"
"www.norut.no"	"Norut IT"	"Northern Research Institute, Norut, Information Technology"
"bruspulver.no"	"Bruspulver"	"Bruspulver"
"http://cab.inta-csic.es"	"CAB"	"Centre for Astrobiology (Centro de Astrobiología)"
"http://www.cefe.cnrs.fr/"	"CNRS - CEFE"	"Centre of Functional and Evolutionary Ecology (Centre d'Ecologie Fonctionnelle et Evolutive), CNRS"
"http://www.bw.uaf.edu/about/index.php"	"UAF BW"	"University of Alaska Fairbanks, Department of Biology and Wildlife"
"www.lpgnantes.fr"	"ARSF"	"Airborne Research and Survey Facility"
"www.ipgp.fr"	"IPGP"	"Institute of Earth Physics of Paris (Institut de Physique du Globe de Paris)"
"www.open.ac.uk/science/earthsciences/home.php"	"OU EES"	"Open University, Earth and Environmental Sciences"
"www.sdu.edu.cn"	"SU"	"Shandong University"
"http://www.mri-jma.go.jp/Dep/ph/ph3/ph3-e.html"	"MRI"	"Meteorological Research Institute"
"http://www-leca.ujf-grenoble.fr/"	"CNRS - LECA"	"Laboratoire d'Ecologie Alpine, CNRS - Université Joseph Fourier"
"http://www.ist.utl.pt/"	"IST-UTL"	"Instituto Superior Tecnico - Technical University of Lisbon"
"http://www.ucsc.edu/"	"UCSC"	"University of California, Santa Cruz"
"www.alagappauniversity.ac.in"	"ALAGAPPA UNIVERSITY"	"ALAGAAPA UNIVERSITY"
"www.univpm.it"	"UNIVPM"	"Università Politecnica delle Marche"
"http://www.bfs.de"	"BfS"	"The Federal Office for Radiation Protection, Germany (Bundesamt für Strahlenschutz)"
"http://www.imares.wur.nl/UK/"	"IMARES"	"IMARES Wageningen UR"
"http://www.rug.nl/fmns-research/microbial-ecology/index"	"RUG ME"	"University of Groningen, Microbial Ecology "
"http://www.gtk.fi/"	"GTK"	"Geological Survey of Finland"
"www.cranfield.ac.uk"	"Cranfield University"	"Cranfield University"
"www.muk.uni-hannover.de"	"IMUK"	"Institute for Meteorology and Climatology Hannover"
"http://www.ucd.ie/research/"	"UCD"	"University College Dublin"
"http://www.uni-duesseldorf.de/home/startseite.html"	"HHU"	"Heinrich-Heine-Universität Düsseldorf"
"http://www.imb.com.cn/"	"IMB, CAMS & PUMC"	"Institue of Medicinal Biotechnology, Chinese Academy of Medical Sciences & Peking Union Medical College"
"www.ug.edu.pl"	"University of Gdansk"	"University of Gdansk, Department of Vertebrate Ecology and Zoology"
"www.mgu.ac.in"	"MG University, Kerala, India"	"School of Environmental Sciences, Mahatma Gandhi University, Kottayam, Kerala, India"
"http://www.fukuoka-u.ac.jp/english/"	"Fukuoka University"	"Fukuoka University"
"scripps.ucsd.edu"	"UCSD SIO"	"UC San Diego, Scripps Institution of Oceanography, "
